educ,exper,expersq,union,married,black,hisp,south,hours,poorhlth,lwage
10,10,100,0,1,0,0,0,1303,0,2.1808
13,6,36,0,1,1,0,1,1783,0,1.9546
14,15,225,0,1,0,0,1,2389,0,2.3432
15,11,121,0,1,0,0,0,2327,0,2.4384
11,3,9,0,1,0,0,0,2123,0,1.997
13,7,49,0,1,0,0,0,2177,0,2.1167
9,5,25,0,0,0,0,0,1251,0,0.8329
15,5,25,0,1,0,0,0,1932,0,3.0669
14,5,25,0,1,0,0,1,1793,0,2.513
14,13,169,1,0,0,0,0,1803,0,1.9424
13,15,225,0,1,0,0,0,2370,0,2.2186
13,6,36,1,1,1,0,0,1713,0,2.0272
17,2,4,1,1,0,0,1,1828,0,2.8107
12,1,1,1,0,0,0,0,1161,0,1.0253
13,27,729,1,0,0,0,1,1968,0,2.3017
10,10,100,0,1,0,0,0,1610,0,1.2554
11,15,225,0,1,0,0,1,2136,0,1.9721
13,8,64,0,1,0,0,1,1672,0,1.8789
16,2,4,0,1,0,0,0,2147,0,2.2538
12,12,144,1,1,0,0,0,2035,0,2.1251
12,22,484,1,0,0,1,0,2852,0,2.1283
12,6,36,0,0,0,0,0,2324,0,2.1268
11,2,4,0,1,0,1,1,1272,1,1.7013
14,4,16,0,0,0,0,1,1531,0,2.1012
9,15,225,0,0,0,0,1,2125,1,1.6328
16,11,121,0,1,0,0,1,1682,0,2.1974
11,18,324,0,1,0,0,0,764,0,2.121
14,9,81,1,1,0,1,0,2707,0,2.6201
10,14,196,0,1,0,0,1,2424,1,1.0722
14,7,49,1,1,0,0,0,2334,0,2.5537
14,4,16,0,0,0,0,1,1827,0,2.021
14,14,196,1,0,0,0,0,2292,0,2.4977
10,15,225,0,1,0,0,0,1783,0,1.9996
13,6,36,1,1,1,1,1,2192,0,1.031
9,21,441,0,0,1,0,0,1686,0,1.6457
12,22,484,0,1,0,0,1,2782,1,2.9209
15,5,25,0,0,0,0,1,1393,0,2.0156
15,5,25,1,1,0,0,1,2655,0,2.2444
13,5,25,0,1,0,0,1,2118,0,1.9861
10,9,81,0,1,0,0,0,1880,0,2.0414
14,7,49,0,0,0,0,1,2175,0,2.268
13,4,16,0,1,0,0,0,2430,0,1.9506
7,5,25,1,1,0,0,0,2715,0,1.8851
14,2,4,0,1,1,0,0,2241,0,2.5444
13,2,4,0,0,0,0,0,1699,0,2.1979
16,3,9,1,0,0,0,0,2125,0,3.2089
10,26,676,1,0,0,0,0,2918,0,2.0815
5,24,576,1,0,0,0,0,2706,1,2.4096
13,14,196,0,1,0,0,1,2509,0,1.9523
14,6,36,0,1,0,0,0,2458,0,2.3311
8,3,9,0,1,1,0,1,2415,0,1.6095
10,9,81,0,1,0,0,1,2621,0,1.6621
19,12,144,0,0,1,0,1,1895,0,2.4928
11,6,36,0,0,1,1,0,1490,0,1.924
15,12,144,0,1,0,0,1,2131,0,2.0989
11,4,16,0,0,1,0,0,1732,0,2.204
8,6,36,1,0,0,0,1,1625,0,1.0773
12,8,64,0,1,0,0,0,1776,0,2.7897
12,25,625,0,1,0,0,1,3218,0,2.7542
12,5,25,1,1,0,0,1,2161,0,2.0373
13,12,144,0,1,0,0,0,2263,0,2.1211
13,5,25,0,0,0,0,0,1550,0,1.7243
12,4,16,1,1,0,0,1,1270,0,1.9496
10,6,36,1,1,0,0,0,1731,0,1.9692
14,9,81,0,0,0,0,1,2747,0,2.5783
8,23,529,0,0,0,0,0,2250,0,2.6607
8,6,36,0,1,0,0,0,2369,0,1.7289
15,15,225,0,0,0,0,1,2432,0,2.0109
14,25,625,0,1,0,0,1,1834,0,2.291
12,11,121,0,1,1,0,1,2725,0,1.8868
9,17,289,0,0,0,0,0,1815,0,1.4978
11,5,25,0,1,0,0,1,2733,0,1.3763
12,12,144,0,0,0,0,0,2299,0,2.8625
9,14,196,0,1,0,0,0,1295,0,2.0392
11,4,16,0,1,0,0,1,1763,0,1.4343
14,5,25,0,1,0,0,0,1297,0,2.4272
16,8,64,0,1,0,0,0,2623,0,1.9987
12,6,36,0,0,0,0,0,2089,0,1.4655
14,8,64,0,0,0,1,1,1097,0,1.6503
8,3,9,0,0,0,0,0,2269,0,2.0541
14,24,576,0,0,0,0,1,1858,0,2.2726
11,16,256,0,1,0,0,0,1432,0,1.2258
14,35,1225,0,0,0,0,0,2855,0,2.999
12,4,16,0,0,0,0,1,2148,0,1.6199
16,12,144,0,0,0,0,0,1968,0,1.7095
11,6,36,0,0,0,0,0,1920,1,1.5849
14,4,16,0,0,0,0,0,1419,0,2.1651
12,16,256,0,1,0,0,0,1513,0,2.4005
12,10,100,0,0,1,0,1,2678,0,2.4905
12,7,49,1,1,0,0,0,1887,0,1.882
11,11,121,0,1,0,0,1,2110,0,1.9996
12,5,25,0,0,0,1,0,1180,0,1.4964
13,5,25,1,1,0,0,0,1507,0,1.6292
13,6,36,1,1,0,0,1,2374,0,2.5399
13,18,324,0,1,0,0,0,2270,0,2.5824
15,17,289,0,0,0,0,0,2889,0,2.58
15,4,16,0,1,0,0,0,2704,0,2.3907
10,23,529,0,0,0,0,0,1996,0,1.822
15,9,81,0,1,0,0,0,2313,0,1.9918
10,12,144,0,1,0,0,0,1958,0,2.0062
14,6,36,0,1,0,0,0,3025,0,2.6607
14,9,81,0,0,0,0,0,2617,0,2.7871
8,4,16,0,1,0,0,0,2176,0,1.8797
13,6,36,1,0,0,0,0,2190,0,2.1671
11,15,225,0,0,1,0,0,2750,0,2.0275
11,15,225,0,0,0,0,1,2361,0,1.9738
16,12,144,0,0,0,0,1,2801,0,1.9758
11,7,49,0,1,0,0,0,1113,1,1.8345
11,4,16,0,1,0,0,1,2308,0,1.2655
13,19,361,1,0,0,1,0,1868,0,2.371
15,16,256,1,0,0,0,0,2890,0,3.2537
12,2,4,0,0,0,0,0,2796,0,2.0821
15,15,225,0,0,1,0,0,2115,0,1.9088
14,7,49,0,0,0,0,0,2791,0,2.0947
7,14,196,0,1,0,0,0,2902,1,1.4114
11,3,9,0,0,0,0,0,2133,0,1.6662
11,6,36,0,0,0,0,1,3212,0,2.1525
14,10,100,0,0,0,0,0,2086,0,2.4316
6,24,576,0,1,1,0,0,2003,0,2.6585
19,10,100,0,0,0,0,1,2490,0,3.0227
14,17,289,1,0,0,0,0,1941,0,2.6018
13,11,121,0,1,1,0,0,2138,0,2.3602
15,10,100,0,0,0,1,1,2734,0,2.0924
19,13,169,0,1,0,0,1,2109,0,2.3245
15,9,81,0,0,0,1,1,1337,0,2.5811
15,15,225,0,1,0,0,1,2265,0,2.829
13,4,16,0,1,0,0,1,1787,0,1.8403
12,9,81,1,1,0,0,1,2489,0,2.3151
12,25,625,0,0,0,0,0,2413,0,2.7731
11,18,324,0,1,0,0,0,2762,0,2.5677
11,11,121,0,0,0,0,0,2508,0,1.4017
9,16,256,1,0,0,0,0,2591,0,2.1726
13,21,441,1,0,0,0,1,1799,1,2.2737
9,2,4,0,1,0,0,0,2462,0,2.029
13,8,64,0,0,1,0,0,2986,0,2.3228
13,6,36,0,0,0,0,0,1790,0,2.4611
13,3,9,0,1,0,0,1,2910,0,1.5162
11,27,729,0,1,0,0,0,1853,1,1.9488
20,13,169,0,1,0,0,1,1717,0,3.2506
16,16,256,0,0,1,0,0,2233,0,2.1509
9,6,36,0,1,1,0,0,2422,0,1.0271
13,8,64,0,1,0,0,0,2510,0,2.3744
11,9,81,1,0,0,0,0,1667,0,1.8401
10,12,144,0,0,0,0,1,2296,0,2.4856
9,15,225,0,0,0,0,1,1792,0,1.8792
14,2,4,0,0,0,0,1,1430,0,1.8757
11,14,196,0,1,0,0,0,1682,0,1.9794
15,8,64,0,0,0,0,0,1762,0,2.8066
15,22,484,0,1,0,0,1,2335,0,2.7093
16,19,361,0,0,0,0,1,2618,0,2.3529
10,11,121,0,0,1,0,0,1437,0,1.3831
14,10,100,0,1,0,0,0,2258,0,2.2824
14,8,64,0,0,0,0,1,1570,0,1.6529
12,12,144,1,1,0,0,0,2383,0,2.7599
10,19,361,0,1,1,0,0,1820,0,1.309
17,10,100,0,0,0,0,0,1627,0,2.3821
13,6,36,0,0,0,0,0,2460,0,2.2187
14,10,100,1,0,0,0,1,1836,0,2.4034
11,11,121,0,1,0,0,1,1958,0,1.7032
10,4,16,0,0,0,0,0,1101,0,1.8453
11,4,16,1,1,0,0,0,2526,1,1.6247
12,7,49,0,1,0,0,0,2469,0,2.0409
10,22,484,0,1,0,0,0,2102,0,2.4414
13,18,324,0,1,0,0,0,1413,0,2.548
9,3,9,1,0,0,0,0,2644,0,1.4538
10,5,25,0,1,0,1,0,1800,0,2.182
14,14,196,0,1,0,0,0,1896,0,2.4312
14,7,49,0,1,0,0,0,3140,0,2.5385
12,12,144,0,0,0,0,0,1783,0,2.626
10,3,9,0,0,0,0,0,2434,0,2.0366
10,9,81,0,1,0,0,0,2353,0,2.3512
12,9,81,0,0,0,0,1,2276,0,1.9757
14,16,256,0,1,0,0,0,2227,0,2.7572
15,12,144,0,0,0,0,0,2269,0,2.4155
12,10,100,1,1,0,0,1,2222,0,1.7693
10,3,9,0,1,0,0,1,2077,0,1.7527
13,26,676,1,0,0,0,0,2780,0,2.693
11,14,196,0,0,0,0,1,1509,0,2.1346
11,6,36,0,1,1,0,0,2560,0,1.7422
16,10,100,0,0,0,0,0,2470,0,2.0894
15,7,49,0,0,0,0,0,2414,0,2.4466
13,8,64,1,0,0,0,1,2603,0,1.6567
9,18,324,1,1,1,0,1,2058,0,2.5523
13,5,25,0,1,0,0,0,1259,0,1.9374
15,14,196,0,0,0,0,0,2067,0,2.4684
12,18,324,0,1,0,1,0,1654,0,2.454
16,13,169,0,1,0,0,0,1771,0,2.7739
16,8,64,0,1,0,0,0,1541,0,1.8678
17,6,36,0,0,0,0,1,1885,0,2.557
14,6,36,0,1,0,0,1,1832,0,2.2069
14,10,100,0,0,0,0,1,1030,0,1.8198
16,10,100,1,1,1,0,1,2415,0,2.1717
13,15,225,1,1,1,0,0,3099,0,2.292
12,3,9,0,1,0,0,1,2373,0,1.336
12,18,324,1,1,0,0,0,2009,0,3.1404
13,35,1225,0,0,0,0,0,2075,0,2.9827
10,9,81,0,0,0,0,0,1911,0,1.9595
12,8,64,0,1,1,0,0,2141,0,1.8423
15,9,81,0,1,1,0,0,2083,0,2.1498
7,10,100,0,0,0,0,0,1722,0,1.8269
16,8,64,1,0,0,1,1,2857,1,2.9739
16,2,4,1,0,0,0,0,1431,0,2.0381
12,9,81,0,0,0,0,0,2423,0,1.5636
14,10,100,0,1,1,0,1,2054,1,2.5903
13,19,361,0,0,0,0,0,2955,0,1.6525
16,5,25,0,1,0,0,0,2253,0,1.9519
15,23,529,0,1,0,0,0,1938,0,2.5563
9,7,49,0,0,0,0,0,1989,0,1.0472
14,5,25,0,0,0,0,0,2118,0,2.4523
12,14,196,0,0,0,0,0,1586,0,2.4115
13,7,49,0,1,0,0,0,1755,0,1.8924
11,9,81,0,1,0,0,0,1297,0,2.4595
17,9,81,0,1,0,0,0,1685,0,3.0795
15,13,169,0,0,0,1,0,2142,0,2.2613
11,9,81,0,1,0,0,0,2235,0,1.8395
9,8,64,0,0,0,0,1,1209,0,2.4186
12,7,49,0,1,0,0,0,2038,1,2.2262
14,13,169,1,0,0,0,0,2354,0,2.5502
13,7,49,0,0,0,0,1,2027,0,2.4398
16,19,361,0,1,0,0,0,1815,0,2.7907
15,10,100,0,1,0,0,0,1915,0,2.1945
15,3,9,0,0,0,0,0,1857,0,2.0693
14,11,121,0,1,0,0,1,1813,0,2.6346
9,12,144,0,0,0,0,1,2178,0,0.9537
12,20,400,1,0,0,0,0,3138,0,2.3361
15,6,36,0,1,0,0,1,1765,1,2.6246
12,5,25,0,0,1,0,0,1957,0,1.5088
14,14,196,0,1,0,0,1,2077,0,2.913
11,18,324,0,0,1,0,0,1791,0,2.4848
10,6,36,0,1,0,0,0,2594,1,1.7373
12,11,121,0,0,0,0,1,1033,0,1.6927
14,9,81,1,1,0,0,0,1861,0,2.3366
11,6,36,0,1,0,0,0,2468,0,2.9397
12,9,81,1,1,0,0,1,1968,0,2.9024
10,17,289,0,0,0,0,0,1731,0,2.0235
16,10,100,0,0,0,0,0,2298,0,2.1408
12,8,64,0,0,0,0,0,2508,0,2.0064
16,13,169,0,1,0,0,1,2195,0,2.5791
17,18,324,1,0,0,0,1,1739,0,2.2527
13,5,25,0,0,0,0,0,2305,0,1.9776
10,11,121,0,1,1,0,1,1919,0,2.2467
7,7,49,1,1,1,0,0,2435,0,0.9542
9,10,100,1,1,1,0,1,2767,0,2.1548
9,14,196,0,1,0,1,0,927,0,2.3819
16,8,64,1,1,0,0,0,2150,0,2.3946
12,9,81,0,0,1,0,1,1319,0,2.3679
14,16,256,1,1,0,0,0,3199,0,2.412
7,12,144,0,0,1,0,0,1889,0,1.6268
9,9,81,1,0,1,0,0,2436,0,1.6423
15,10,100,1,0,0,0,1,2084,0,2.2567
14,10,100,0,0,0,0,0,1739,0,1.935
12,2,4,0,1,0,0,0,1685,0,2.1105
14,10,100,0,0,0,0,0,2814,0,2.5351
17,4,16,0,1,0,0,0,2530,0,2.3771
12,18,324,0,0,0,0,0,2975,0,1.7078
13,4,16,1,0,0,0,1,2125,0,2.1586
13,7,49,0,0,1,0,1,2230,0,1.9502
19,6,36,0,0,0,0,0,1980,0,2.4252
8,21,441,0,1,0,0,0,1971,0,2.7038
15,17,289,1,1,0,0,0,1631,0,2.1275
13,1,1,0,0,0,0,0,2138,0,0.9524
14,9,81,0,1,1,0,1,1745,0,1.7635
11,4,16,1,0,0,0,0,2299,0,2.1823
13,10,100,0,1,0,0,0,2177,0,1.8159
15,14,196,0,0,0,0,1,2229,0,1.9288
20,11,121,0,1,0,0,0,2854,0,3.2629
15,14,196,1,1,0,0,1,2083,0,2.7715
11,8,64,0,0,0,0,0,2441,0,2.0125
12,11,121,0,1,0,0,1,3023,0,2.4053
12,14,196,1,1,0,0,1,2688,0,2.1883
8,7,49,0,1,0,0,1,2619,0,1.4713
12,5,25,0,1,0,0,1,1962,0,2.1912
15,6,36,1,1,0,0,0,2203,0,1.9455
9,9,81,0,1,1,0,0,1507,0,0.8474
15,9,81,1,0,0,1,0,2325,0,2.2198
14,11,121,0,1,0,0,0,2224,0,2.6901
11,6,36,1,0,0,0,0,2111,0,2.07
12,14,196,0,1,0,0,0,2562,0,2.5707
17,24,576,0,1,0,0,0,1557,0,2.0605
15,6,36,1,1,0,0,0,2836,0,2.6017
12,32,1024,0,0,1,0,0,2506,1,2.3743
12,26,676,0,1,0,0,1,2068,0,1.8238
13,9,81,1,0,0,0,0,2033,0,2.5703
12,9,81,0,0,0,0,0,2316,0,1.9417
8,6,36,1,1,0,0,0,2784,0,3.0169
18,15,225,0,0,0,0,0,2146,0,1.8435
13,10,100,0,1,0,1,1,2165,0,2.6069
14,10,100,0,1,0,0,0,2108,0,2.1545
13,5,25,0,0,0,0,0,2902,0,1.3566
11,16,256,0,0,0,0,1,1934,0,1.7735
12,8,64,0,0,0,0,0,2087,0,2.0505
9,5,25,1,0,0,0,0,2759,1,2.0996
18,9,81,0,0,0,0,0,2166,0,3.1724
10,6,36,0,0,0,0,1,2612,0,2.1832
10,20,400,0,1,0,0,0,1690,0,1.7808
12,26,676,0,0,0,0,0,2008,0,2.7242
16,9,81,0,0,0,0,0,2768,0,2.5108
13,17,289,0,1,0,0,0,1796,0,2.1197
10,17,289,0,1,0,0,0,2032,0,2.0274
16,1,1,0,1,0,0,0,2216,0,1.9183
15,6,36,0,0,0,0,0,1655,0,2.1487
14,10,100,0,0,0,0,1,1914,0,1.8193
15,7,49,0,0,0,0,1,2151,0,1.716
19,6,36,1,1,0,0,0,2121,0,2.9953
18,17,289,0,0,0,1,1,2676,0,2.8426
10,7,49,0,1,1,0,0,2794,0,1.6711
17,11,121,0,0,0,0,0,1715,0,2.9857
14,16,256,0,0,0,0,0,2150,0,2.2334
14,20,400,1,0,0,0,1,2403,0,2.4011
9,5,25,1,0,0,0,1,2782,0,1.9573
12,5,25,0,0,0,0,0,2423,0,1.8116
11,11,121,0,1,0,0,1,2231,0,2.0189
15,2,4,0,1,0,0,0,2400,0,1.1858
15,5,25,0,0,1,0,1,2403,0,1.9175
7,18,324,1,1,0,1,1,1683,0,1.1986
13,13,169,0,1,0,0,0,2187,0,1.8321
16,9,81,0,0,0,0,1,2757,0,1.7743
12,12,144,0,1,0,0,0,2007,0,1.7777
15,14,196,0,1,0,0,0,2158,0,2.2902
14,3,9,0,0,0,0,0,1991,0,1.7694
14,7,49,1,1,0,0,0,1059,0,2.6054
12,20,400,0,1,0,0,1,2109,0,2.3489
10,11,121,0,1,0,0,1,2236,0,1.1744
10,11,121,0,0,0,0,0,1869,0,1.8738
14,9,81,0,0,1,0,1,1580,0,2.0355
13,3,9,0,0,0,1,1,1704,0,1.5979
12,6,36,0,1,0,0,0,2444,0,1.993
12,12,144,0,0,0,0,1,2988,0,2.0854
12,7,49,0,0,0,0,0,2722,0,2.23
15,5,25,1,0,0,0,1,1495,1,1.5163
12,5,25,0,0,0,0,0,2485,0,1.7716
9,20,400,1,1,0,0,0,1802,0,2.8152
15,7,49,0,1,0,0,0,1838,0,2.8325
12,18,324,0,1,0,0,1,1892,0,2.5446
13,11,121,0,1,0,0,0,2418,0,2.4581
17,8,64,1,0,0,0,0,2532,0,3.2216
13,6,36,0,0,0,0,0,2056,0,2.6994
14,14,196,0,0,0,0,1,2064,0,2.1559
10,17,289,0,1,0,0,0,2309,0,1.7506
12,14,196,0,1,0,0,0,2356,0,2.1339
14,4,16,0,1,0,0,0,2629,0,3.3123
9,7,49,1,1,0,0,0,1522,0,1.3251
13,7,49,0,1,0,0,1,2109,0,1.8662
13,2,4,0,0,0,0,1,1619,0,1.1955
13,12,144,0,1,0,1,0,2077,0,2.2641
15,13,169,0,0,0,0,0,1998,0,1.8915
14,13,169,0,1,0,0,1,2079,0,2.2604
16,12,144,1,0,0,0,0,1740,0,1.8422
10,8,64,0,1,0,0,1,1431,0,2.0135
13,5,25,1,1,0,0,0,1158,0,2.6658
13,8,64,1,0,0,0,1,2041,0,1.9873
10,11,121,0,0,0,0,0,1906,0,1.7923
15,19,361,0,1,0,0,0,1796,0,2.5231
19,10,100,0,1,0,0,1,2695,0,2.7665
13,10,100,1,1,0,0,0,1713,0,2.364
14,2,4,0,0,0,0,0,2738,0,2.239
13,12,144,0,0,0,0,0,2831,0,2.6454
11,20,400,0,1,0,0,0,1222,0,1.9095
8,9,81,0,1,1,0,0,2142,0,1.4795
11,8,64,0,0,0,0,0,1920,0,2.191
9,7,49,0,1,0,0,0,790,0,1.172
17,14,196,1,0,0,0,0,1450,0,1.9615
13,2,4,1,1,0,0,1,2449,0,2.1516
12,18,324,0,0,0,0,0,3009,0,2.4146
14,8,64,0,1,1,0,0,2506,0,1.8474
10,12,144,1,1,0,0,1,2246,0,1.8836
10,15,225,0,1,1,0,0,2090,0,1.6397
12,5,25,1,0,1,0,0,2857,0,1.5898
15,9,81,0,0,0,0,0,3067,0,2.5476
14,8,64,0,0,0,0,0,1836,0,1.6665
13,4,16,0,0,0,0,0,1200,0,1.7675
13,17,289,0,1,0,0,0,1156,0,1.9988
14,8,64,1,1,0,0,0,2695,0,1.8964
13,4,16,0,0,0,0,0,2079,0,2.2342
10,10,100,0,1,0,0,0,2182,0,1.7497
13,3,9,0,1,0,0,0,1294,0,2.028
10,7,49,1,1,0,0,0,1761,0,1.448
13,11,121,0,1,0,0,1,1967,0,1.8741
12,3,9,1,1,0,0,0,2194,0,2.3697
19,13,169,0,0,0,0,0,1921,0,3.6886
13,10,100,0,0,0,0,0,1633,0,1.3244
9,15,225,0,0,0,0,0,1747,0,1.7685
12,15,225,0,0,0,0,0,2644,0,2.3074
14,7,49,0,0,0,0,0,2210,0,1.8649
17,7,49,0,1,0,0,1,2375,0,2.7384
11,12,144,0,1,0,0,0,1696,0,1.7421
9,5,25,0,0,0,0,1,771,0,1.5043
15,5,25,0,1,0,0,0,1865,0,2.0312
9,6,36,0,1,0,0,0,1710,0,2.1802
12,4,16,0,1,0,0,0,2257,0,1.6837
12,4,16,0,1,1,0,0,3579,0,1.7198
13,4,16,0,1,0,0,0,2413,0,2.3963
15,8,64,1,1,0,0,1,3331,0,2.0942
11,7,49,1,1,0,0,0,2356,0,2.161
12,16,256,0,0,0,0,1,1817,0,1.3665
12,8,64,0,0,1,0,1,2257,1,1.2385
13,9,81,1,0,0,0,0,2901,1,2.3426
13,23,529,0,1,0,0,0,2923,0,2.1331
14,1,1,0,1,0,0,0,1841,0,1.7861
15,10,100,1,0,0,0,0,2214,0,2.6459
14,8,64,0,1,0,0,0,1457,0,1.9998
13,11,121,0,0,1,0,0,2471,0,2.3089
9,6,36,1,0,0,0,0,2799,0,1.9023
13,8,64,0,0,0,0,0,2118,0,2.2019
14,18,324,0,0,0,0,1,1800,0,2.7492
14,12,144,0,1,1,0,1,2262,0,2.2656
11,8,64,0,1,0,0,1,2288,0,2.4879
11,6,36,0,0,0,0,0,2137,0,2.1402
10,4,16,0,1,1,1,0,2180,0,1.3687
14,7,49,0,1,0,0,0,2022,0,2.7029
15,8,64,1,1,0,0,0,2548,0,2.6338
11,23,529,0,1,1,0,0,2431,0,2.0199
14,10,100,0,1,1,0,1,1658,0,2.1721
13,6,36,0,1,0,0,1,1645,0,2.4169
12,1,1,0,0,0,0,0,1986,0,1.8718
12,5,25,0,0,0,1,0,2432,0,2.5048
15,7,49,1,0,0,0,0,2167,0,2.7802
14,11,121,1,0,0,0,0,1811,0,2.5786
18,7,49,0,1,0,0,0,2218,0,2.1894
11,24,576,0,1,0,0,0,1951,0,2.2341
14,8,64,0,1,0,0,0,2496,0,2.2887
11,16,256,0,0,0,0,1,2250,0,2.2511
11,3,9,0,0,0,0,0,1958,0,1.9251
13,9,81,1,1,0,0,1,2204,0,2.354
13,6,36,0,1,0,0,0,2692,0,2.1618
20,16,256,0,0,0,0,0,1844,0,3.1339
12,7,49,0,0,0,0,0,2281,0,1.5956
9,19,361,0,0,1,1,0,2068,0,2.3904
13,13,169,0,1,0,0,0,2292,0,1.5224
8,7,49,0,1,0,0,1,1805,0,2.1359
13,4,16,0,0,0,0,1,2150,0,1.8092
13,6,36,0,0,0,0,0,2599,0,2.3733
14,8,64,0,0,0,1,0,1678,0,2.197
15,13,169,0,0,0,0,1,1502,0,2.3802
11,9,81,0,0,0,1,0,1519,0,2.0228
12,15,225,1,0,0,0,0,1573,0,2.5954
11,19,361,0,1,0,0,0,2368,0,2.1232
10,9,81,0,1,0,0,1,1467,0,2.2033
14,5,25,0,0,0,0,1,1966,0,1.5315
10,11,121,0,1,0,0,0,2378,0,1.9805
12,25,625,0,0,0,0,1,2287,0,2.5341
10,15,225,0,0,1,0,1,1926,0,2.1001
14,11,121,0,0,0,0,0,2186,0,2.3899
17,5,25,0,1,0,0,0,2148,0,2.2714
10,8,64,0,1,0,0,0,1999,1,2.1423
8,3,9,0,0,1,0,1,2005,0,0.9404
12,4,16,1,0,1,0,0,3106,0,2.5602
13,12,144,0,0,0,0,1,2464,0,2.05
13,3,9,0,1,0,0,0,3216,0,1.4482
12,7,49,0,1,0,0,1,1876,0,1.4917
12,4,16,0,0,0,0,0,2062,0,1.8295
13,4,16,0,0,0,1,0,1501,0,1.8836
15,10,100,1,0,0,0,1,1736,0,3.1079
7,6,36,1,1,1,0,1,2956,0,1.152
12,3,9,0,1,0,0,1,1865,0,1.8242
13,6,36,0,1,0,0,0,2964,0,1.7244
11,3,9,0,0,0,0,1,1540,0,1.399
17,18,324,0,0,0,0,0,1626,1,3.1805
11,14,196,0,1,0,0,0,1946,0,1.6984
13,14,196,1,1,0,0,0,2071,0,2.7183
14,5,25,0,0,0,1,0,2515,0,2.1449
11,12,144,0,1,0,0,0,2303,0,2.0865
8,10,100,0,0,0,0,1,1913,0,1.7539
12,6,36,0,0,0,0,0,2040,0,1.4392
15,9,81,0,1,1,0,1,1956,0,2.769
12,3,9,0,1,0,0,0,1688,0,2.6136
11,5,25,0,0,0,0,0,1700,0,1.7609
15,9,81,0,1,0,0,0,2563,0,3.3047
12,7,49,0,1,0,0,1,1277,0,1.77
11,11,121,0,0,1,0,1,2828,0,1.9027
13,6,36,0,0,0,0,1,1946,0,2.4304
14,7,49,0,0,1,1,1,1752,0,1.6363
19,9,81,0,1,0,0,0,2433,0,2.2137
14,5,25,0,1,1,0,0,2768,1,1.3433
16,7,49,0,1,0,0,1,2603,0,3.1178
11,10,100,0,1,1,0,0,2326,0,1.702
10,21,441,0,0,0,0,0,2589,0,2.0084
13,5,25,0,1,0,0,0,1328,0,1.6053
12,7,49,0,0,1,0,0,1865,0,2.1256
10,15,225,1,1,0,0,0,1690,0,1.9356
12,17,289,0,1,0,0,0,2651,0,2.126
14,12,144,0,0,0,0,0,1927,0,2.3445
13,17,289,0,1,0,1,0,2480,0,1.9415
14,5,25,0,1,0,0,0,2341,0,2.0908
14,16,256,0,1,0,0,0,1712,0,2.9677
11,14,196,0,1,1,1,1,1836,0,2.0186
12,4,16,0,1,0,0,0,2682,0,2.0073
10,7,49,0,1,0,0,0,1751,0,1.9223
17,2,4,0,0,1,0,1,2156,0,1.826
12,10,100,1,0,1,0,0,1748,0,2.7885
12,16,256,0,0,0,0,0,1959,0,1.8361
10,7,49,0,1,0,0,1,2079,0,1.8539
20,5,25,1,0,0,0,0,1748,0,2.7786
10,4,16,1,1,0,0,1,1668,1,2.1404
12,9,81,0,0,0,0,1,2229,0,2.3198
14,12,144,0,0,0,0,0,1720,0,2.2102
14,21,441,0,1,0,0,0,1735,0,2.6353
15,2,4,0,0,0,0,0,1677,0,2.1195
16,20,400,1,0,1,1,0,2065,0,1.7092
13,10,100,0,0,1,0,0,2525,0,1.3672
10,15,225,0,1,0,0,0,2778,0,1.8662
12,14,196,1,0,0,0,0,1773,0,2.0599
14,9,81,0,0,0,0,0,3068,0,1.7384
18,9,81,0,1,0,1,0,1648,1,2.7722
9,11,121,1,0,0,0,0,2588,0,1.9617
16,8,64,1,1,0,0,0,1775,0,2.511
13,8,64,1,1,1,0,1,1708,0,1.6226
15,13,169,0,0,0,0,0,1765,0,2.3223
12,5,25,1,0,1,0,0,2076,0,0.8899
11,16,256,0,0,0,0,1,2361,0,1.9289
15,15,225,0,0,0,0,0,2401,0,2.435
14,7,49,1,1,0,0,0,1675,0,2.4695
15,13,169,0,1,1,0,0,1655,0,1.7204
13,12,144,1,0,0,0,0,1688,0,2.3966
11,6,36,0,1,0,0,0,2050,0,1.5147
9,13,169,0,0,0,1,0,2005,0,1.4501
15,20,400,0,1,0,0,0,1672,0,2.8697
14,17,289,0,1,0,0,1,2221,0,3.1608
10,3,9,0,1,1,0,0,3118,0,1.6388
11,12,144,0,1,0,0,0,1873,0,1.768
12,15,225,1,0,0,0,1,1905,0,2.2929
9,6,36,0,0,0,0,0,2352,0,1.9793
10,16,256,0,0,1,0,1,1849,0,1.9763
10,6,36,0,1,0,0,0,2401,0,2.8768
12,8,64,1,1,0,0,1,1777,0,1.8809
11,6,36,0,1,0,0,0,2924,0,2.0412
9,5,25,0,1,0,0,1,2255,0,2.2138
18,11,121,0,1,0,1,1,1821,0,3.115
16,4,16,0,1,0,0,0,1835,0,1.5428
11,8,64,0,1,0,1,0,1869,0,1.9151
13,11,121,0,1,0,0,0,2718,0,2.8302
13,6,36,0,1,1,0,0,1529,0,3.028
15,18,324,1,0,1,0,0,1799,0,2.755
11,8,64,1,0,0,0,0,1847,0,1.8857
16,22,484,0,1,0,0,0,2093,0,2.3498
11,3,9,0,0,1,0,0,1978,0,2.3868
9,12,144,1,1,0,0,0,1429,0,2.3377
15,10,100,0,0,0,0,0,1920,0,1.9445
16,7,49,0,1,0,0,0,2055,0,2.3156
19,9,81,0,0,0,0,0,1817,0,2.712
9,13,169,0,1,1,0,0,2409,0,2.0116
15,14,196,1,0,0,0,0,2514,0,2.2311
12,9,81,0,1,0,0,0,2065,0,1.8606
15,12,144,0,0,0,0,0,2204,0,1.7036
9,5,25,0,1,0,0,0,1128,0,2.0552
10,14,196,0,1,0,0,1,1911,0,1.829
11,20,400,0,0,0,0,0,2552,0,2.3293
13,15,225,0,1,0,0,1,1909,1,2.7118
11,6,36,1,0,0,0,1,1768,0,1.9627
14,5,25,1,1,0,0,1,3125,0,2.2471
15,30,900,1,1,0,0,1,2919,0,2.9205
14,19,361,1,0,0,0,0,2310,0,2.5998
17,14,196,0,1,0,0,0,2613,0,3.1705
14,20,400,0,1,0,1,1,1098,0,2.472
10,9,81,0,0,0,0,0,1746,0,1.5744
16,14,196,0,0,0,1,0,1889,0,2.8061
11,18,324,1,0,0,0,1,1994,0,2.6629
15,8,64,1,1,0,0,1,1880,0,1.9182
17,12,144,0,1,0,0,1,952,0,3.0841
14,17,289,0,1,0,0,1,2274,0,2.5362
9,5,25,1,1,0,0,1,2345,0,1.9164
11,7,49,1,0,0,0,0,2821,0,2.416
16,16,256,0,1,0,0,1,1745,0,2.3207
12,10,100,1,1,0,0,0,1708,0,2.6509
13,10,100,0,1,0,0,0,894,0,2.0226
15,9,81,0,0,0,0,1,1968,0,1.5996
15,17,289,0,0,0,0,0,2506,0,2.0777
13,5,25,0,0,0,0,0,1825,0,2.1435
12,7,49,0,1,1,0,0,3065,0,1.5739
12,4,16,0,0,0,1,1,1985,0,2.2916
15,8,64,1,0,0,0,0,2166,0,2.8502
14,10,100,0,1,0,0,1,1487,0,2.7062
12,2,4,0,1,0,0,0,2229,0,1.9142
16,5,25,0,1,0,0,1,1209,0,2.3113
12,10,100,0,1,0,0,1,2412,0,1.6029
10,12,144,0,0,1,0,0,2426,0,2.129
11,23,529,0,1,0,1,0,2712,0,2.4154
10,13,169,0,1,1,0,0,1641,0,2.0798
12,8,64,0,0,0,0,1,2172,0,2.51
16,10,100,0,0,0,0,1,2354,0,2.0639
11,10,100,0,0,0,0,1,2299,0,1.794
13,7,49,1,1,1,0,0,1711,0,2.2732
11,11,121,0,1,0,0,1,1024,0,1.5829
12,7,49,0,1,0,0,1,2256,0,1.8896
9,11,121,0,1,0,0,1,2031,0,1.986
12,9,81,0,1,0,0,1,1845,0,1.8815
12,8,64,0,0,0,0,0,2444,0,2.4568
14,8,64,1,1,0,0,0,2080,0,1.8506
13,14,196,1,1,0,0,1,1506,0,2.8193
10,14,196,0,1,0,0,1,1231,0,2.1829
16,8,64,0,0,0,0,0,1592,0,2.0691
13,14,196,0,0,0,0,0,3177,0,1.8882
13,9,81,0,0,0,0,0,2425,0,1.2879
13,9,81,0,1,0,0,0,2185,1,1.8066
11,7,49,0,1,1,0,0,2018,0,2.1992
13,22,484,1,1,0,0,1,1989,0,2.5378
14,20,400,0,1,0,0,1,2625,0,2.9069
8,6,36,1,0,0,0,0,1879,0,1.458
11,8,64,1,0,0,0,0,2360,0,2.3147
12,12,144,1,0,0,0,0,1943,0,1.9587
13,13,169,0,0,0,0,0,2973,0,1.8406
16,5,25,0,0,0,0,1,2434,0,2.1017
11,5,25,1,1,0,0,1,2661,0,1.7488
12,1,1,0,0,0,0,0,1837,0,1.1066
12,13,169,1,1,0,0,1,2576,0,2.2524
11,3,9,0,0,0,0,1,1959,0,1.6434
12,6,36,0,1,0,0,1,2150,0,2.4064
15,15,225,0,1,0,0,0,2836,0,2.9044
10,15,225,0,0,0,0,1,1631,0,2.3138
14,21,441,0,1,0,0,0,2191,0,2.8168
9,25,625,0,1,0,0,0,2297,0,2.2733
11,35,1225,0,1,0,0,0,2334,0,1.9014
12,7,49,0,1,0,0,0,1897,0,2.0834
17,6,36,0,0,0,0,0,3039,1,2.5167
12,12,144,0,0,0,0,0,1517,1,2.5081
7,4,16,0,1,1,0,0,2756,0,1.6314
8,8,64,0,1,0,0,1,2647,0,2.1188
13,10,100,0,0,0,0,1,2955,0,1.656
14,12,144,1,1,0,0,0,1385,0,2.385
14,13,169,1,1,0,0,1,1709,0,2.6301
13,8,64,1,1,0,0,1,2771,0,2.7236
16,4,16,0,0,0,0,1,1255,0,2.0054
11,5,25,1,1,0,0,0,1377,0,1.9988
15,2,4,1,1,0,0,1,1880,0,2.4839
9,7,49,1,1,0,0,1,2186,0,1.4402
10,4,16,0,1,0,1,1,2817,0,2.2639
8,7,49,1,0,0,0,0,2017,0,1.3972
12,12,144,0,1,0,0,0,1826,0,1.4376
13,4,16,1,1,0,0,1,2240,0,2.1338
13,10,100,0,1,0,0,0,2311,0,2.8679
13,8,64,0,1,0,0,0,2299,0,2.3864
10,11,121,0,0,1,0,0,2020,0,1.9936
12,13,169,0,0,0,0,1,1220,0,1.9831
9,8,64,0,1,0,0,1,1687,0,1.6412
16,9,81,1,1,0,0,0,2739,1,1.9939
12,8,64,0,1,0,0,1,2184,0,1.1304
11,7,49,0,0,0,1,0,1955,0,1.8434
17,6,36,0,0,0,0,1,2603,1,2.6913
9,12,144,0,1,0,1,1,1591,0,1.888
10,19,361,0,0,0,0,1,1999,0,2.1803
10,18,324,0,0,0,0,1,2162,0,2.5339
13,4,16,0,0,0,0,0,1901,0,2.0214
14,19,361,0,1,0,0,1,2145,0,2.3826
15,5,25,0,1,0,0,0,2016,0,1.9246
19,10,100,0,1,0,0,1,1470,0,3.4172
7,11,121,0,0,1,0,1,2182,0,1.5648
14,3,9,1,0,0,1,1,1502,0,1.6261
11,8,64,0,0,0,0,0,2175,0,1.4136
11,19,361,0,1,0,0,1,2718,0,2.6583
11,2,4,0,1,0,0,0,1974,0,1.3723
11,31,961,0,1,0,0,0,1573,0,3.0408
17,2,4,0,0,0,0,1,2043,0,1.0619
15,11,121,0,1,0,0,0,1726,0,2.947
13,3,9,0,1,0,0,1,2368,0,2.1043
16,12,144,0,0,0,0,0,2033,0,2.46
9,17,289,0,1,0,0,0,2869,0,1.9847
9,15,225,0,1,0,0,1,2623,0,2.6384
7,16,256,1,1,0,0,0,2031,0,2.2663
11,8,64,0,0,0,0,0,2422,0,1.5253
13,3,9,0,0,0,0,1,1923,0,1.1283
13,19,361,1,0,0,0,0,2115,0,2.5454
13,27,729,1,1,1,0,0,1937,0,2.5497
9,10,100,0,0,0,0,0,2445,0,1.1703
15,7,49,0,0,0,0,1,2745,0,2.1094
13,6,36,0,0,0,0,1,2459,0,1.6887
15,14,196,0,0,0,0,1,2515,0,2.3165
8,17,289,0,1,0,0,0,2515,0,2.2231
14,7,49,0,1,0,0,1,2348,0,2.7117
10,22,484,0,1,0,0,1,1587,0,2.4385
12,14,196,0,0,0,0,1,2865,0,1.7829
14,10,100,0,0,0,0,0,2912,0,2.3567
12,11,121,0,0,1,0,1,1995,0,1.8312
11,5,25,0,1,0,0,1,1933,0,1.2861
13,14,196,0,1,0,0,0,2376,0,2.4788
9,5,25,0,1,0,0,0,2348,0,2.4145
15,7,49,0,0,1,0,1,2009,0,1.9733
12,9,81,1,1,0,0,0,1537,0,1.6471
16,25,625,0,0,0,0,1,2238,0,2.586
11,11,121,0,1,1,0,1,2348,0,1.3901
11,5,25,1,1,0,0,0,2427,0,2.4003
11,11,121,0,0,0,0,0,2257,0,2.1471
15,13,169,1,1,0,0,0,1978,0,2.5828
11,18,324,0,1,0,0,1,2547,0,2.0316
14,9,81,0,1,0,0,0,2130,0,2.196
11,6,36,0,1,1,0,1,1891,0,1.6872
8,29,841,0,0,0,0,0,2019,0,1.6627
11,11,121,0,0,0,0,0,1314,0,1.3826
10,5,25,1,1,0,0,0,2018,0,2.3984
13,9,81,0,0,0,0,0,2410,0,1.9313
10,7,49,0,1,0,0,1,2253,0,1.8442
15,19,361,1,0,0,0,0,2784,0,2.7932
13,13,169,0,0,0,0,0,1982,0,2.2902
12,8,64,0,0,0,0,0,2319,0,1.5083
14,17,289,0,1,0,0,0,2457,0,1.8481
15,9,81,1,1,0,1,0,3154,0,2.3139
13,9,81,0,1,0,0,1,2165,0,2.2584
11,6,36,0,0,0,0,0,1630,0,1.497
8,6,36,1,1,0,0,0,2482,0,1.7028
11,27,729,0,1,0,0,0,2940,0,3.1786
11,16,256,0,0,0,0,1,1955,0,1.2733
13,2,4,0,1,0,0,0,2478,0,1.6798
12,5,25,0,1,0,1,0,2653,0,2.6618
15,4,16,0,1,0,0,1,2558,0,2.1258
11,10,100,1,1,0,0,0,2157,0,1.948
13,7,49,0,1,0,0,0,1786,0,2.5562
15,21,441,0,1,1,0,0,2063,0,2.5089
14,8,64,0,1,0,0,1,2306,0,2.0415
13,26,676,0,1,0,0,0,2509,0,2.5979
11,9,81,0,0,0,0,1,2250,0,1.5613
11,29,841,1,1,0,0,1,1929,0,2.0559
11,8,64,0,0,0,0,0,2350,0,1.8224
11,8,64,0,1,0,0,0,2487,0,1.6069
15,16,256,0,1,0,0,0,2271,0,2.5513
12,15,225,0,0,0,0,1,1724,0,2.1686
9,4,16,0,1,0,0,0,2018,0,1.9853
17,10,100,1,1,1,0,0,2527,0,3.0597
14,7,49,0,0,0,0,0,1478,0,1.9155
8,7,49,1,0,1,1,1,1158,0,1.6167
12,10,100,0,1,0,0,0,2779,0,2.3383
13,8,64,0,1,0,0,1,2330,0,2.2094
16,10,100,0,0,1,0,0,2373,0,2.0527
10,5,25,0,0,0,0,0,1615,0,1.2589
15,3,9,1,1,0,0,0,2432,0,2.5526
16,16,256,0,1,0,0,0,2224,0,1.9868
11,18,324,0,1,0,0,0,1387,0,2.0893
12,16,256,1,1,0,0,0,2741,1,1.4257
10,10,100,0,1,0,0,1,2171,0,1.359
12,7,49,1,1,0,0,1,1922,0,1.7942
13,6,36,0,1,0,0,1,1930,0,2.4224
14,5,25,0,1,0,0,0,1193,0,2.3742
16,9,81,1,0,0,0,0,2367,0,2.3156
11,17,289,0,1,0,0,0,2218,0,2.4825
8,6,36,1,1,0,0,1,2013,0,2.0762
12,17,289,0,1,0,1,1,2675,0,2.1225
13,3,9,1,0,0,1,0,1477,0,1.4476
13,11,121,0,0,0,0,0,1831,0,2.0316
12,12,144,0,0,0,1,0,1717,0,1.9551
13,7,49,1,1,0,0,0,1975,0,1.8313
16,5,25,0,0,0,1,0,2130,1,2.2197
14,15,225,0,1,0,0,0,2294,0,2.5431
12,10,100,1,1,0,0,1,1944,0,2.3869
12,34,1156,0,0,0,0,0,1705,0,2.4206
12,18,324,1,0,0,0,0,2859,0,2.6773
17,18,324,0,0,0,0,1,3185,0,2.5349
12,1,1,0,0,0,0,0,2164,0,1.7826
12,6,36,0,0,1,0,0,1759,0,1.5776
12,4,16,0,1,0,0,0,2764,0,1.7389
16,2,4,0,1,0,0,0,1449,0,2.7041
17,9,81,0,1,1,0,0,1949,0,1.6227
14,15,225,0,0,0,0,1,1787,0,2.5496
13,5,25,0,1,0,0,0,1578,0,1.8023
12,2,4,0,0,1,0,0,1974,0,1.3115
7,5,25,1,1,0,0,1,1711,0,1.7028
15,8,64,0,1,0,0,0,2106,0,1.7698
13,8,64,0,1,0,0,1,2112,0,1.766
14,9,81,1,1,0,0,1,1820,0,2.0415
11,12,144,0,0,0,0,0,1933,0,1.8768
12,9,81,1,1,0,0,1,1996,0,1.8857
11,15,225,0,1,1,0,0,2464,0,2.642
15,5,25,0,1,0,0,1,2033,0,2.8392
12,8,64,0,1,0,0,0,2471,0,1.3121
18,13,169,0,1,0,0,1,2364,0,2.88
14,11,121,0,1,0,0,1,2357,0,2.588
10,24,576,1,0,0,0,0,2725,0,2.5097
12,5,25,0,1,0,0,0,1596,1,1.6188
11,13,169,0,1,0,1,1,1887,0,1.8813
7,6,36,0,0,0,0,1,2893,0,1.0998
17,6,36,0,1,0,0,0,1984,0,2.2881
15,17,289,0,1,0,0,1,833,0,1.9701
14,9,81,1,0,0,0,0,2009,1,2.2081
13,11,121,0,1,0,0,0,2161,0,1.6728
9,6,36,0,0,0,0,0,922,0,1.4892
12,7,49,0,1,0,0,0,2700,0,1.5841
15,3,9,1,0,0,0,1,1779,0,2.2144
10,10,100,1,0,0,0,0,2248,0,1.7517
6,5,25,0,1,0,0,1,1998,0,1.4553
12,9,81,1,1,0,0,0,1520,0,2.6632
12,15,225,1,1,0,0,0,1618,0,3.0137
13,2,4,1,1,0,0,0,1679,0,1.1541
15,35,1225,0,0,0,0,0,2589,0,2.3016
14,6,36,0,0,0,0,0,2034,0,1.9446
13,9,81,0,1,0,0,0,1865,0,2.3509
15,11,121,0,1,0,1,0,1679,0,1.7274
9,6,36,0,1,0,0,0,2638,0,1.3807
14,7,49,0,0,0,0,0,2759,0,2.1705
14,17,289,0,0,1,0,0,2633,0,2.2642
9,14,196,1,0,0,1,1,2322,1,1.9588
9,8,64,0,1,0,0,1,2230,0,1.8894
11,9,81,0,0,0,1,0,1553,0,1.9422
10,10,100,0,1,1,1,0,1989,0,1.8231
15,13,169,1,0,0,0,0,1792,0,2.5415
11,13,169,1,1,0,1,1,1279,0,2.3824
11,13,169,0,1,0,0,0,2576,1,1.2007
11,7,49,0,0,0,0,0,1787,0,2.3989
16,10,100,0,0,0,0,0,2638,0,1.5478
13,16,256,0,1,0,0,0,2497,0,1.9662
12,28,784,0,0,1,0,0,2351,0,2.0975
13,10,100,1,1,0,0,1,2376,0,2.5806
16,7,49,1,0,0,1,0,1823,0,1.2553
10,5,25,0,0,1,0,0,2936,0,1.5518
16,13,169,0,1,0,0,0,2119,1,2.7845
13,3,9,0,0,0,0,0,2236,1,2.172
12,13,169,0,1,0,1,1,1808,0,1.7959
19,14,196,0,1,0,1,0,1681,0,2.6753
10,7,49,0,0,0,0,1,2315,0,1.4291
12,11,121,1,0,0,1,0,2198,0,2.0161
9,8,64,0,0,1,0,0,1745,0,1.1293
15,4,16,0,0,1,0,1,1453,0,1.5006
17,13,169,1,1,0,0,0,1529,0,2.9748
17,12,144,0,1,0,0,1,2638,0,2.6191
15,7,49,0,0,1,0,0,1824,0,2.2204
12,28,784,0,1,0,0,1,1947,0,2.4288
12,9,81,0,0,0,0,0,2753,0,2.2692
8,2,4,0,1,1,0,0,1595,0,1.6751
18,17,289,0,0,0,0,1,1773,0,1.9557
14,15,225,0,1,0,0,1,1754,0,2.0105
12,16,256,0,0,0,0,1,2828,1,1.9316
16,5,25,0,0,0,0,1,2997,0,2.1563
10,11,121,1,0,0,0,1,2438,0,1.7103
14,9,81,0,1,0,0,0,2453,0,2.6361
12,8,64,1,0,0,1,0,1839,0,2.8175
14,19,361,0,0,0,0,0,2976,0,2.4932
13,9,81,0,0,0,0,0,2220,0,2.1022
9,7,49,0,0,0,0,0,2484,0,1.9828
13,7,49,0,1,0,0,0,2053,0,1.4137
15,5,25,0,1,1,0,0,1979,0,2.105
13,10,100,0,1,0,0,1,2848,0,2.536
15,20,400,0,1,0,0,0,2343,0,2.3793
10,8,64,1,0,0,0,0,2753,0,1.5056
13,11,121,1,1,0,0,0,2215,0,2.3554
11,8,64,0,1,0,0,1,1718,0,1.8573
15,9,81,0,1,0,0,1,1837,0,1.9296
13,15,225,0,1,0,0,1,2146,0,3.0574
15,4,16,1,1,0,0,0,1818,0,2.1912
16,3,9,1,1,0,0,0,1602,0,1.9803
15,17,289,1,1,0,0,0,2641,0,2.7267
13,7,49,0,1,1,1,0,1855,0,2.2698
10,7,49,0,0,0,0,0,2162,0,1.7437
13,32,1024,0,1,0,0,0,2233,0,2.7294
11,15,225,0,0,0,0,0,1835,0,1.6972
12,5,25,1,0,0,0,1,2753,0,2.5404
12,17,289,0,0,0,0,1,1597,0,2.2839
10,15,225,1,0,0,0,0,2218,0,2.5318
7,1,1,0,0,1,1,0,2211,0,1.2066
11,10,100,1,1,0,0,0,2076,0,2.5265
13,5,25,0,0,0,0,0,1516,0,1.5839
9,9,81,0,1,0,0,1,2492,0,1.5743
12,29,841,0,1,1,0,0,2435,0,2.8245
18,15,225,0,0,0,0,1,1796,0,3.1695
15,17,289,0,1,0,0,0,2418,0,2.1374
17,8,64,0,0,0,0,1,2269,0,2.4173
14,17,289,0,0,0,0,0,1524,0,2.1638
16,6,36,0,1,0,0,1,1716,0,2.0022
10,10,100,0,0,1,0,0,2612,0,1.8127
11,15,225,0,1,0,0,0,2239,0,2.5981
6,15,225,1,1,0,0,0,1846,0,2.0505
16,3,9,1,0,0,0,0,1714,0,2.1817
17,25,625,0,1,0,0,1,1868,0,2.9654
11,5,25,0,0,0,0,1,1900,0,1.5342
12,35,1225,0,0,0,0,1,1719,0,2.3904
11,15,225,0,1,0,0,0,1316,0,2.6583
14,14,196,0,0,0,0,1,2613,0,1.4376
15,5,25,0,0,0,1,0,2537,0,2.3894
8,7,49,0,1,0,0,0,1527,0,1.0668
14,24,576,0,1,0,0,0,2161,0,3.0476
12,22,484,0,0,0,0,0,1694,0,1.9953
13,8,64,0,1,0,0,0,1982,0,1.6882
14,8,64,0,0,0,0,0,1945,0,2.3836
12,8,64,0,1,0,0,0,1907,0,2.1963
12,18,324,0,0,1,0,1,3001,0,1.6259
12,17,289,0,0,0,0,0,1902,0,1.6865
15,12,144,0,1,0,1,0,1736,0,2.3118
14,10,100,1,0,0,0,0,1757,1,1.8127
13,8,64,0,0,0,0,0,2570,1,1.571
10,33,1089,0,0,0,0,0,1357,0,2.1648
12,4,16,0,1,0,0,1,1757,0,1.4736
15,7,49,0,0,0,0,0,2751,1,2.2927
13,11,121,0,0,0,0,1,2210,0,2.6121
14,3,9,0,0,0,0,0,2186,0,1.9056
17,6,36,1,0,0,0,1,3059,0,2.5202
15,28,784,0,1,0,0,0,2211,0,3.4749
13,16,256,1,0,0,0,0,1781,0,1.9564
12,6,36,0,1,0,0,1,1973,0,2.37
6,6,36,1,1,0,0,0,1589,0,2.0289
12,4,16,0,1,0,0,0,2665,0,2.2816
12,7,49,1,1,0,1,1,2359,0,2.5858
14,13,169,0,1,0,0,0,2606,0,2.5095
12,12,144,0,1,0,0,1,2646,0,1.8979
12,7,49,0,1,0,0,0,1914,0,2.4431
8,5,25,1,0,0,0,1,1675,0,2.0025
10,8,64,1,1,0,0,0,2077,0,2.4847
14,8,64,0,1,0,0,0,1707,1,2.1668
17,15,225,1,1,0,0,0,2174,0,2.6098
13,11,121,0,1,0,0,0,2609,0,2.3345
14,10,100,0,1,0,0,0,2024,0,2.659
15,18,324,0,0,0,0,0,2167,0,2.8515
11,22,484,0,0,0,0,0,2058,0,1.9986
13,12,144,1,0,1,0,0,2461,0,2.3219
11,12,144,0,0,0,0,0,1799,0,1.4582
15,9,81,0,1,0,0,1,1112,0,2.6202
13,5,25,0,1,0,0,0,2312,0,1.7698
14,15,225,0,1,0,0,0,2545,0,2.7452
11,14,196,0,0,0,0,0,2301,0,1.5877
15,9,81,0,1,0,0,0,1812,0,2.7458
18,11,121,0,0,0,0,1,1589,0,2.5933
10,18,324,1,1,1,0,0,2323,0,1.8816
12,19,361,1,1,0,1,1,2164,0,2.6427
13,1,1,0,0,0,0,0,2043,0,1.5668
15,6,36,0,0,0,0,1,2920,0,2.39
11,9,81,0,0,0,0,0,1674,0,1.7642
6,4,16,0,0,0,0,1,2899,1,0.4924
16,11,121,0,0,0,0,0,2114,0,2.0186
15,6,36,0,0,0,0,0,1274,0,1.9558
8,11,121,0,0,0,1,0,2019,0,2.1381
11,7,49,1,1,0,0,0,2532,0,2.4843
17,7,49,0,0,0,0,1,1936,0,2.8951
16,11,121,0,0,0,0,0,1436,0,2.9932
15,16,256,1,1,1,0,0,2026,0,2.3742
12,13,169,0,0,0,0,1,1714,0,1.9155
13,9,81,0,0,0,0,0,2321,0,1.918
12,2,4,0,1,0,0,1,2448,0,1.5403
16,7,49,1,1,0,0,1,1625,0,1.7758
10,6,36,0,1,1,0,0,1782,0,1.6641
11,14,196,1,0,0,0,1,2440,0,1.6415
15,10,100,0,0,0,0,0,1714,0,2.2456
13,10,100,0,1,0,0,0,1613,0,2.9985
16,5,25,0,0,0,0,0,1570,0,1.9942
11,20,400,0,1,0,1,0,2258,0,2.2843
13,10,100,1,0,0,0,1,2239,0,2.5441
10,5,25,0,1,0,0,1,1792,0,1.8032
13,6,36,0,1,0,0,0,2102,0,2.2036
9,11,121,0,0,0,0,0,2787,0,1.6512
11,5,25,1,1,1,0,1,1662,0,1.7334
9,6,36,0,1,0,0,0,1222,0,1.3325
15,4,16,1,1,0,0,0,2305,0,2.7141
15,14,196,0,1,0,0,0,2050,0,1.8326
8,5,25,0,1,0,0,1,1780,0,1.8852
16,22,484,0,0,1,0,0,2393,0,1.9519
19,12,144,0,0,0,1,1,2478,1,2.8585
13,4,16,0,0,0,0,1,1106,0,1.6502
11,13,169,0,0,0,0,0,1806,0,1.5127
20,20,400,0,1,0,0,0,3143,0,3.3259
10,9,81,1,1,0,0,1,2363,0,2.3789
13,21,441,0,1,0,0,0,2404,0,2.2951
13,12,144,0,0,0,0,1,2628,0,2.3626
16,6,36,0,0,0,0,1,2108,0,1.2944
14,29,841,0,1,0,0,0,2459,0,2.1319
11,4,16,0,1,1,0,1,2423,0,2.1284
10,8,64,0,1,0,0,1,2343,0,1.7303
12,9,81,0,1,0,1,1,1955,0,1.252
10,26,676,0,0,0,0,0,2177,0,1.8559
13,14,196,0,1,0,0,0,1835,0,1.9549
11,13,169,0,0,0,0,0,2106,0,1.9298
8,6,36,0,1,1,0,1,1574,0,1.2605
16,9,81,0,0,0,1,0,1744,0,2.3392
12,7,49,0,0,0,0,1,1973,0,1.8031
10,13,169,0,0,0,0,0,1675,0,2.4023
12,18,324,0,1,0,0,0,1873,0,2.4618
13,32,1024,0,1,0,0,0,2026,0,2.7106
8,7,49,0,1,0,0,1,2281,0,2.0446
14,3,9,0,1,0,0,0,2527,0,1.9479
10,8,64,0,0,0,0,0,1891,0,1.2777
17,17,289,0,0,0,0,0,2701,0,3.1033
14,5,25,0,1,0,1,1,2522,0,2.0875
12,9,81,0,1,0,0,0,2327,0,2.1574
11,13,169,0,1,0,0,0,2169,0,1.8747
13,7,49,0,0,0,0,1,2244,0,1.696
14,11,121,0,0,0,0,1,2634,1,2.3945
12,5,25,0,1,0,1,1,2651,0,2.2352
12,19,361,0,1,0,0,0,2701,0,2.6493
13,8,64,0,0,0,0,0,2119,0,2.3377
11,11,121,0,0,1,0,1,2350,0,1.9476
12,2,4,0,1,0,0,0,2705,1,1.8558
8,5,25,0,0,0,0,1,1819,0,1.3311
15,16,256,0,0,0,0,0,1957,0,2.8746
14,7,49,1,0,0,0,0,2107,0,2.1329
11,5,25,0,0,0,0,0,2505,0,1.9158
18,3,9,0,1,0,0,0,2512,0,2.1496
13,19,361,0,0,0,0,0,1996,0,2.0427
10,14,196,1,1,0,1,0,1421,1,1.9795
15,13,169,1,1,0,0,1,2211,0,2.2715
14,23,529,0,1,0,0,0,1687,0,2.8533
14,8,64,1,1,0,0,1,1430,0,1.8065
12,4,16,0,1,0,0,1,1531,0,1.8693
14,10,100,0,0,0,0,0,2247,0,2.2402
12,25,625,0,0,0,1,0,2712,0,1.5754
14,10,100,0,0,0,0,1,2118,0,1.9371
8,18,324,0,1,0,0,0,2195,0,2.0506
12,4,16,0,1,0,0,1,2632,0,2.0386
17,6,36,0,0,0,0,1,1405,0,2.147
11,16,256,0,1,0,0,1,2334,0,2.367
11,10,100,1,0,0,0,0,2095,0,2.0523
12,9,81,0,1,0,0,0,2355,0,2.1108
10,18,324,0,0,0,0,1,1882,0,2.0165
7,16,256,0,1,0,0,0,1732,0,2.1579
12,11,121,0,0,0,0,1,2163,0,1.6971
13,1,1,0,0,1,0,0,2842,1,1.4181
13,9,81,1,0,0,0,0,2487,0,2.0067
12,12,144,1,0,1,0,1,1872,0,1.8822
13,3,9,1,1,0,0,0,1497,0,2.6864
15,12,144,0,0,0,0,0,1343,0,2.515
12,18,324,0,1,0,0,0,2692,0,1.9035
11,9,81,0,0,0,0,1,1670,1,1.48
12,5,25,0,1,0,0,0,1954,0,2.1048
14,1,1,0,0,0,0,1,2695,1,1.4027
16,12,144,0,0,0,0,0,1374,0,2.1129
11,3,9,1,1,0,0,1,2772,0,2.4466
13,13,169,0,1,0,0,1,1986,0,1.975
14,25,625,0,1,0,0,0,1583,0,2.9311
10,6,36,0,0,0,0,0,1989,0,2.175
13,8,64,0,1,0,0,0,1775,0,1.8639
9,25,625,1,0,1,0,1,2298,0,1.6487
8,10,100,0,0,1,0,0,1808,0,1.3874
14,7,49,0,0,0,0,0,1240,0,1.6465
12,17,289,0,0,0,0,0,2001,0,2.2126
13,7,49,0,1,1,0,0,1490,0,1.8821
13,6,36,0,0,0,0,0,2192,0,2.1131
10,13,169,1,0,0,0,0,1566,1,2.5121
12,17,289,0,0,1,0,0,1880,0,2.3324
10,6,36,0,1,0,0,1,2182,1,1.8516
16,11,121,0,0,0,0,1,2004,0,1.5605
9,8,64,0,1,0,0,0,2213,0,1.9686
12,9,81,0,0,1,0,1,2406,0,2.4222
10,5,25,0,0,1,0,1,1579,0,0.2842
14,14,196,0,0,1,0,1,2071,0,2.3272
12,22,484,1,0,0,0,0,602,0,2.3131
11,6,36,0,1,0,1,0,2211,0,1.5439
15,14,196,1,0,0,0,0,1965,0,2.8554
13,16,256,1,0,0,0,1,1657,0,2.9724
14,11,121,0,1,0,0,0,2242,0,2.6317
10,14,196,0,0,0,0,0,2628,0,1.8065
9,6,36,1,1,0,0,0,1886,0,1.5453
13,21,441,1,0,0,0,0,1675,0,2.5474
12,18,324,0,1,0,0,0,2174,0,2.6444
14,19,361,0,0,0,0,0,1499,0,2.2163
13,4,16,1,1,0,0,0,1803,0,2.0822
13,13,169,0,1,0,0,0,2650,0,3.387
8,6,36,1,1,0,1,1,2128,0,2.1034
18,22,484,0,1,0,0,1,1254,0,3.2368
12,6,36,0,0,0,0,1,1291,0,1.2151
15,11,121,0,1,0,0,1,2173,0,2.0756
10,2,4,0,0,0,1,0,2488,0,1.5555
14,11,121,0,0,0,0,0,1372,0,1.8018
10,4,16,0,0,0,0,1,2302,0,2.1706
13,13,169,0,0,1,0,0,2699,0,2.5925
12,9,81,1,1,0,0,0,2950,0,2.1067
13,7,49,0,1,0,0,0,2249,0,2.8084
15,22,484,0,1,0,0,0,2328,0,2.6511
10,30,900,0,1,0,0,0,1140,0,3.2096
11,3,9,0,0,0,0,0,3045,1,1.7014
14,8,64,0,1,0,0,0,1841,0,2.4542
18,15,225,0,0,0,0,1,1680,0,3.1042
12,12,144,0,1,1,0,0,1985,0,2.5185
14,15,225,0,0,0,0,0,2780,0,2.5303
12,9,81,0,1,1,0,0,3094,0,1.9415
17,18,324,0,1,0,1,1,2156,0,2.8272
8,11,121,0,0,0,0,0,2549,0,1.3792
13,12,144,1,1,0,0,0,2119,0,2.5062
9,4,16,1,0,0,0,0,1633,0,1.2842
6,10,100,1,0,0,1,0,2765,0,0.9439
14,15,225,1,1,0,0,1,1820,0,2.537
13,11,121,0,0,1,0,1,2791,0,2.4087
12,10,100,0,1,0,0,0,2684,0,2.4992
13,13,169,0,0,0,0,0,2376,0,2.1525
20,11,121,1,1,0,0,1,2923,0,3.6682
12,9,81,1,0,0,0,0,3105,0,1.9794
14,16,256,1,1,0,0,0,2021,0,1.8985
11,9,81,0,1,0,1,0,1736,0,1.1116
14,4,16,0,0,0,0,1,1261,0,1.432
12,22,484,0,1,0,0,0,3110,0,2.7243
12,6,36,0,1,0,0,0,1902,0,1.7533
17,3,9,0,0,0,0,1,2611,0,2.3442
16,13,169,0,0,0,0,0,1766,0,3.0548
13,23,529,1,1,0,0,0,2792,0,2.2662
6,14,196,0,1,1,0,1,1785,0,1.6356
12,20,400,1,1,0,0,0,1564,0,2.7074
19,5,25,0,1,0,1,0,2006,0,2.2182
12,4,16,1,1,0,0,0,1861,0,2.6194
16,8,64,1,1,0,0,0,2368,0,2.507
16,17,289,1,0,1,1,0,2077,0,2.3739
13,13,169,0,0,0,0,0,2382,0,2.9863
11,14,196,1,1,0,0,0,1969,0,2.5098
7,10,100,0,1,0,0,1,1801,0,1.9337
15,8,64,0,0,0,0,0,1837,0,2.7199
10,10,100,0,1,1,0,0,3020,0,1.5936
13,9,81,1,0,0,0,0,2201,0,2.7244
10,7,49,0,0,0,0,1,1207,0,1.4282
12,12,144,1,0,0,0,0,1866,0,2.0213
12,8,64,0,1,1,0,0,2144,0,1.824
13,11,121,0,0,0,0,0,2930,0,1.9182
9,2,4,1,0,1,0,0,2563,0,1.8425
15,11,121,0,0,0,1,0,1685,0,2.3363
11,8,64,1,0,0,0,1,3188,0,1.8125
9,21,441,0,1,0,0,0,2086,0,2.3452
13,3,9,0,1,0,0,0,2661,0,1.9065
13,10,100,0,0,0,0,0,1580,0,1.9485
13,15,225,0,0,0,1,1,1021,0,2.0643
16,9,81,0,0,0,0,0,1466,0,2.4862
12,8,64,0,0,0,0,0,637,0,2.0352
13,15,225,0,1,0,0,0,3050,0,2.239
10,13,169,0,1,0,0,0,2197,1,2.2684
14,13,169,0,1,1,0,0,1684,0,2.1415
13,7,49,1,1,1,0,0,2304,0,1.9239
11,7,49,0,0,1,0,0,2185,1,1.0502
7,11,121,1,1,1,0,0,2379,0,2.1262
16,16,256,0,0,0,0,0,2644,0,2.5369
10,4,16,0,0,0,0,0,1970,1,1.6293
11,9,81,0,1,0,0,0,1704,0,2.387
14,7,49,0,1,0,0,1,2472,0,1.9681
10,10,100,0,0,0,0,1,2461,0,1.2362
9,15,225,0,0,0,0,1,2145,0,1.8073
7,6,36,1,0,0,0,1,3080,0,1.6886
15,14,196,0,1,0,0,0,1903,0,2.3886
11,8,64,0,1,0,0,1,1695,0,2.4394
20,18,324,0,1,0,0,0,2288,0,2.0924
10,6,36,0,1,0,0,0,1796,0,2.2359
10,16,256,0,0,0,0,0,2323,0,2.28
11,4,16,0,0,0,0,0,1725,1,1.803
13,11,121,1,1,0,0,1,1920,1,0.9866
12,14,196,0,1,0,0,0,2951,0,2.7483
14,6,36,1,1,1,0,0,1917,0,1.825
10,2,4,0,0,1,0,1,1741,0,1.1343
9,7,49,0,1,0,0,0,2627,0,1.7209
8,10,100,0,0,0,0,0,1627,0,1.7799
7,8,64,0,1,0,0,1,1788,0,1.7661
12,7,49,0,0,0,0,0,2359,0,2.2642
12,15,225,0,1,0,0,0,2522,0,2.5759
11,19,361,0,1,0,0,0,2649,1,2.2755
16,18,324,0,0,0,1,0,1764,0,2.6442
16,12,144,0,0,0,0,1,2368,0,1.9338
12,13,169,0,1,0,0,0,1890,0,1.9088
8,5,25,0,1,0,0,0,1827,0,1.9384
11,9,81,0,1,0,1,0,2641,0,2.2952
11,10,100,0,1,0,0,0,1853,0,2.2992
11,11,121,0,0,0,0,1,2225,0,1.6709
11,11,121,0,0,0,0,0,2170,0,2.2902
11,10,100,0,1,0,0,0,1618,0,1.5734
12,12,144,0,1,0,0,0,2535,1,2.5244
11,11,121,0,1,0,0,1,2352,0,1.8923
13,11,121,0,1,0,0,1,1206,0,2.7656
14,6,36,0,1,0,0,0,2225,0,1.6093
10,4,16,0,0,0,1,0,1752,0,2.2406
16,11,121,1,1,0,0,0,2594,0,2.5738
10,7,49,0,0,0,0,1,1450,0,1.4844
9,6,36,0,0,0,0,0,1940,0,1.68
14,14,196,0,0,0,0,1,2263,0,1.948
11,9,81,0,0,0,0,1,2124,0,1.7789
14,20,400,0,0,0,0,1,2443,0,2.0574
7,13,169,1,0,0,0,0,1417,0,1.5189
16,6,36,1,1,0,0,0,2843,0,2.7571
14,14,196,0,1,0,0,0,2336,0,2.0732
9,12,144,0,1,0,0,0,2712,0,1.6402
9,6,36,0,0,0,0,1,2493,0,1.0265
17,7,49,0,0,0,0,1,2095,0,2.0929
11,14,196,0,1,0,0,1,1522,0,2.5317
11,3,9,0,0,0,0,0,1846,0,1.357
7,2,4,0,0,0,1,0,2815,0,0.9922
11,11,121,0,0,1,0,1,2723,0,1.82
12,10,100,0,0,0,0,0,1821,0,1.8519
15,11,121,1,0,0,0,0,832,0,3.2774
9,10,100,0,1,0,0,0,2004,0,1.7884
9,12,144,1,1,0,0,0,1971,0,2.2098
14,19,361,0,0,0,0,0,1988,0,2.7416
15,10,100,0,1,0,0,0,2338,0,2.7549
9,4,16,0,1,0,0,0,2494,0,1.7688
16,2,4,0,0,0,0,1,2546,0,1.9782
13,8,64,0,0,0,1,0,2301,0,2.7628
16,8,64,1,0,0,0,0,1290,0,2.4153
13,4,16,1,1,0,0,0,1946,0,2.0304
6,2,4,0,1,0,0,1,3137,0,1.0377
12,7,49,0,1,0,0,0,2268,0,1.3851
15,23,529,0,1,1,0,0,2266,0,2.8355
11,12,144,0,0,0,0,0,2262,0,1.0818
12,11,121,0,1,0,0,0,2287,0,2.1567
12,9,81,0,1,0,0,0,1028,0,1.9747
6,8,64,0,0,0,0,1,1992,0,2.1725
17,13,169,0,1,0,0,1,2083,0,1.8759
11,4,16,0,0,0,0,0,2677,0,1.4051
14,27,729,0,1,0,0,0,2121,0,2.5557
13,4,16,0,0,0,0,1,1359,0,1.7197
15,13,169,1,1,1,0,0,2294,0,2.3115
14,5,25,0,0,0,0,1,1738,0,1.9037
12,10,100,1,1,0,0,0,1552,0,1.8034
10,14,196,1,0,1,0,1,1725,0,2.0071
15,3,9,1,1,0,0,1,2344,0,1.3962
8,5,25,1,1,1,0,1,2666,1,1.5018
14,5,25,0,0,0,0,1,2317,0,1.7295
10,8,64,1,1,0,0,0,2384,0,2.4631
16,11,121,0,1,0,0,1,2313,0,3.1069
13,23,529,0,1,0,0,0,2146,0,2.3526
14,7,49,1,0,0,0,0,2414,0,2.8156
13,23,529,0,1,0,0,1,1012,0,2.233
8,12,144,1,1,0,1,1,2150,0,1.5025
11,4,16,0,1,0,0,1,1630,0,2.409
14,9,81,1,0,0,0,0,2623,0,2.5542
13,4,16,0,0,0,0,1,2034,0,1.8234
15,8,64,0,1,1,1,1,2114,0,2.3273
13,7,49,0,1,1,0,0,1423,0,2.0617
10,10,100,1,1,0,0,0,2558,0,2.116
11,13,169,1,1,0,0,0,2382,0,1.7998
13,9,81,1,1,0,0,0,2351,0,2.2726
7,5,25,0,1,0,0,1,1734,0,1.6612
17,20,400,0,1,0,0,1,1752,0,2.6534
14,24,576,0,0,0,0,1,2201,0,2.7253
16,9,81,1,1,0,0,1,1787,0,2.6887
9,11,121,0,0,0,0,0,2296,0,1.4355
16,8,64,0,1,0,0,1,1128,0,1.8054
18,10,100,0,1,0,0,0,1881,0,2.5955
9,11,121,1,0,0,0,1,2909,0,1.6946
14,4,16,1,1,1,0,0,2298,0,2.2901
13,8,64,1,1,0,0,1,2175,0,1.9857
9,17,289,0,0,0,0,0,2993,0,1.7025
14,16,256,0,1,0,0,0,1049,0,2.8085
15,8,64,0,1,0,0,1,1733,0,2.2972
11,11,121,0,1,0,0,0,1919,0,1.7871
16,8,64,1,1,0,0,0,2486,0,2.6277
9,14,196,0,0,0,0,0,2494,0,2.3761
9,3,9,0,1,0,0,1,1710,0,1.6446
13,13,169,0,1,0,0,0,2549,0,2.5359
13,21,441,0,1,0,0,0,1919,0,2.1563
10,6,36,1,1,1,0,0,2645,1,2.1942
15,19,361,0,0,0,0,0,1635,0,3.3397
14,11,121,0,1,0,0,0,2045,0,2.0284
14,9,81,0,0,1,0,0,1879,0,1.5574
12,8,64,0,0,0,0,0,2575,1,1.9513
14,20,400,0,0,0,0,0,1865,1,2.6473
12,8,64,0,1,0,0,0,2081,0,2.0301
18,22,484,1,1,0,0,1,2328,0,2.6225
10,21,441,0,0,1,0,0,2345,0,1.8879
18,7,49,0,0,0,0,0,2499,1,2.6178
12,8,64,0,1,1,0,1,2195,0,1.6947
9,2,4,0,1,0,0,0,1912,0,1.8148
16,9,81,1,1,0,0,1,1943,0,2.9917
13,10,100,0,0,0,0,0,2112,0,2.1858
15,18,324,0,1,0,0,0,2212,0,2.5735
16,22,484,1,0,0,0,0,2034,0,3.1061
14,14,196,0,0,0,0,1,2109,0,1.8814
11,17,289,0,0,0,1,1,1417,0,1.5605
15,8,64,0,0,1,0,0,2400,0,1.9863
13,4,16,0,1,0,0,0,2182,0,1.8408
15,11,121,0,0,0,0,1,2551,0,1.9342
7,18,324,0,0,0,0,0,2100,0,2.4352
14,1,1,1,0,0,0,0,1318,0,2.8575
11,10,100,0,1,0,0,1,1939,0,1.8132
17,3,9,1,0,0,0,1,2010,1,2.2799
14,6,36,0,1,0,0,0,2434,0,2.1244
13,10,100,0,1,0,0,1,1168,0,2.5176
14,22,484,0,0,0,0,1,2119,0,2.8505
10,10,100,0,1,1,0,0,2331,0,1.1379
17,14,196,0,0,0,0,0,1802,0,2.7254
18,11,121,0,1,0,0,0,2134,0,2.1962
14,6,36,0,0,0,0,1,1818,0,2.6393
17,12,144,0,1,0,0,1,1772,0,2.7018
11,4,16,0,0,0,0,0,1916,0,1.4042
11,10,100,1,1,0,0,1,1780,0,2.0295
13,19,361,1,0,0,0,0,2408,0,2.3799
14,11,121,0,0,0,0,0,1769,0,2.3977
12,11,121,1,1,0,0,0,1694,0,2.7111
14,8,64,1,1,0,0,0,2896,0,2.0211
14,3,9,0,0,0,0,1,2532,0,2.5946
10,8,64,0,0,0,0,0,1262,0,2.3422
14,15,225,0,0,0,0,1,1756,0,1.8826
15,12,144,0,0,0,0,0,2209,0,2.3596
13,4,16,0,1,0,0,0,2246,0,2.6803
16,2,4,0,1,0,0,1,1429,0,2.5833
10,6,36,0,1,0,0,0,2621,0,1.7153
14,8,64,0,1,0,0,0,2471,0,2.5699
10,9,81,1,0,0,0,0,2317,0,3.123
10,9,81,0,1,0,0,1,2711,0,1.8998
11,10,100,0,0,0,0,0,2304,0,1.6818
10,12,144,1,0,0,0,0,2302,0,2.1312
11,7,49,0,0,0,0,0,2801,0,1.9463
12,5,25,0,0,0,0,0,2596,0,1.6695
15,13,169,1,1,0,0,1,1721,0,2.7253
12,16,256,1,0,0,0,0,2385,0,1.8651
9,7,49,0,1,0,0,0,1801,0,1.4997
16,27,729,0,1,0,0,0,2327,0,3.0838
10,21,441,1,0,1,0,0,2314,0,1.4411
13,4,16,0,1,0,0,1,1477,0,2.2627
14,3,9,0,0,0,0,0,2045,0,1.1918
13,9,81,0,0,0,0,1,2219,0,1.3323
16,11,121,0,0,0,0,0,1904,0,2.1939
14,26,676,0,1,0,0,0,2242,0,2.7131
11,26,676,0,0,0,0,1,2463,0,2.6465
18,14,196,1,1,0,0,0,2086,0,2.9677
13,7,49,0,0,0,0,1,2201,0,1.8349
12,18,324,0,1,0,0,1,2723,0,2.4748
15,10,100,0,0,0,0,0,2313,0,1.9516
13,4,16,1,1,0,0,0,2190,0,2.261
14,4,16,0,1,0,0,1,1669,0,1.5614
19,8,64,0,1,0,0,0,2402,0,2.7391
12,16,256,1,1,0,0,0,2249,0,2.407
12,5,25,0,0,0,0,0,2678,0,1.5665
13,8,64,0,1,0,0,0,2121,0,2.2192
15,21,441,1,1,0,1,1,1283,0,2.707
9,12,144,1,0,0,0,0,1335,0,2.3837
8,13,169,0,1,0,0,0,2431,0,1.2457
11,17,289,1,1,0,0,0,1843,0,2.3414
9,8,64,0,0,0,0,0,2297,0,1.3946
12,22,484,0,1,0,0,0,2151,0,2.7061
14,14,196,1,1,0,0,1,2025,0,2.7899
10,9,81,1,1,1,1,0,2057,0,2.0967
9,20,400,0,1,0,0,1,1711,0,1.711
13,14,196,0,0,0,0,1,2093,0,2.4526
15,9,81,0,1,0,0,0,1837,0,1.7734
9,13,169,0,0,0,0,0,1932,0,1.1465
15,5,25,0,1,0,0,0,1954,0,1.7483
15,18,324,0,1,0,0,0,1998,0,2.5628
15,26,676,0,1,0,0,1,2515,0,2.8816
16,3,9,0,0,0,0,1,2042,0,0.9254
18,7,49,0,0,0,0,0,2561,0,2.9757
11,6,36,1,1,1,0,0,2792,0,2.0299
13,15,225,0,0,0,0,1,2485,0,1.5586
12,11,121,0,1,0,0,1,2341,0,2.1194
13,7,49,1,1,0,0,0,2247,0,2.7256
17,8,64,0,1,0,0,0,2489,0,2.7589
9,7,49,0,1,0,0,0,2140,1,2.1038
11,14,196,0,1,0,0,1,2543,1,1.4749
16,11,121,0,1,0,0,0,2376,0,2.3651
15,8,64,0,1,0,0,0,1938,0,1.9777
12,7,49,0,1,0,0,0,2503,0,2.7034
15,20,400,0,1,0,0,0,2141,0,2.8586
14,18,324,0,1,0,0,0,2052,1,3.4895
17,14,196,0,0,0,0,1,1886,0,2.2901
12,17,289,0,1,1,0,0,2175,0,1.8782
15,4,16,1,0,0,0,0,2548,0,2.228
19,5,25,0,0,0,0,0,2500,0,3.0188
14,4,16,0,1,0,0,0,2259,0,1.9816
13,10,100,0,1,0,0,0,2370,0,2.2721
15,17,289,0,1,0,0,0,2672,0,2.6202
12,7,49,1,0,0,0,0,2033,1,2.0269
19,19,361,0,1,0,0,0,1598,0,2.6894
13,7,49,1,1,0,0,0,2686,0,2.2759
12,9,81,0,1,1,0,0,1862,0,1.8774
10,7,49,1,0,1,0,1,1789,0,1.6793
16,8,64,0,1,0,0,1,1292,0,2.6718
15,9,81,0,0,0,0,0,2357,0,2.9247
12,3,9,0,1,0,0,0,1370,0,1.55
14,12,144,0,0,0,0,1,1762,0,1.9951
9,9,81,0,0,0,0,0,2365,0,1.4025
13,22,484,0,1,0,0,1,2425,0,2.4677
14,13,169,0,0,0,0,1,1807,0,1.9663
17,11,121,1,0,0,0,0,2040,0,2.7501
11,21,441,0,1,0,0,0,1707,0,2.6731
10,20,400,1,1,0,0,1,1853,0,1.2943
11,22,484,1,0,0,0,0,2220,0,2.5353
9,7,49,1,0,0,0,0,1874,0,1.6407
16,4,16,0,0,0,0,0,1990,0,2.345
16,3,9,0,0,1,0,0,1441,0,1.6316
14,17,289,0,0,0,0,1,2610,0,2.7456
16,2,4,0,1,0,0,1,2330,0,2.4978
13,11,121,0,0,0,0,1,2457,0,2.2717
13,3,9,1,1,0,0,0,2681,0,2.4933
12,18,324,0,0,0,0,0,1729,0,1.8914
12,13,169,0,0,0,0,0,1939,0,1.8407
9,18,324,1,0,0,0,0,1247,0,2.3514
13,11,121,0,1,1,0,0,3513,0,1.8662
13,5,25,0,1,0,0,1,2033,0,2.5257
15,7,49,0,1,0,0,1,2567,0,2.1203
13,16,256,0,0,0,0,0,1543,0,2.4088
12,3,9,0,0,1,0,0,2548,1,2.3742
11,7,49,0,1,0,0,0,2936,0,1.7097
13,6,36,1,0,0,0,0,2073,0,2.1774
15,9,81,0,0,0,0,1,1645,0,2.5478
10,14,196,0,1,0,1,0,2038,0,2.3554
13,18,324,0,1,0,0,1,1098,0,2.155
13,4,16,0,0,0,0,0,2083,0,1.7074
10,5,25,0,0,1,0,0,2469,0,1.4552
11,4,16,0,0,0,0,1,2084,0,2.1939
13,9,81,0,1,0,0,0,1972,0,2.0742
9,4,16,0,0,1,0,0,2337,0,1.4436
14,12,144,0,1,0,0,0,2372,0,2.2063
11,19,361,0,1,0,0,0,1353,0,2.4756
15,3,9,0,1,0,0,1,2140,0,2.1493
19,5,25,0,1,0,0,0,3196,0,2.2615
11,23,529,0,1,0,0,1,1499,0,1.8244
14,11,121,0,1,0,0,0,2062,0,1.5704
11,7,49,1,0,0,0,0,2974,0,1.7237
15,35,1225,0,0,0,0,1,2597,0,2.8406
10,8,64,0,1,0,0,0,1869,0,2.3794
14,13,169,0,0,0,0,0,2193,0,2.5268
11,6,36,0,1,0,0,0,2099,0,2.1231
12,5,25,0,0,1,0,0,1763,0,1.6474
10,14,196,0,0,0,0,0,2067,0,2.2195
15,24,576,0,1,0,0,1,1974,0,2.6921
11,7,49,0,0,0,0,0,2151,0,2.5123
14,5,25,0,0,0,0,0,1763,0,1.9781
12,17,289,1,1,0,0,1,1526,0,2.878
12,7,49,0,0,1,0,0,2081,0,2.106
13,12,144,0,0,0,0,1,2872,0,2.3779
11,7,49,1,1,0,0,0,2137,0,1.3617
13,8,64,1,0,0,0,0,1951,0,2.5627
17,5,25,0,0,0,0,1,2439,0,2.1841
11,14,196,0,1,0,0,0,2029,0,1.9649
16,12,144,0,1,0,0,1,2941,0,1.9277
16,12,144,1,1,0,1,0,2098,0,2.6654
11,6,36,0,0,0,0,0,2415,0,1.8177
9,11,121,1,0,0,0,0,1760,0,1.4327
14,26,676,0,1,0,0,0,2326,0,2.0476
11,5,25,0,0,0,0,1,2224,0,1.8689
17,6,36,1,0,0,0,0,2075,0,2.8426
13,6,36,0,0,0,0,1,1874,0,1.9557
10,10,100,0,1,0,1,1,1813,0,2.2398
10,4,16,0,1,0,0,0,2227,0,1.7267
16,13,169,0,0,0,0,0,2383,0,2.4333
11,2,4,0,0,0,0,1,2043,0,1.2208
13,15,225,0,0,0,0,1,2229,0,1.5513
15,12,144,0,0,0,1,0,2083,0,2.9817
12,25,625,0,1,0,0,0,2144,0,2.8407
13,5,25,0,0,0,0,0,2010,0,1.4062
13,17,289,1,1,0,0,1,2108,1,2.4601
15,9,81,0,1,0,0,0,3314,0,2.3759
14,8,64,0,1,0,0,1,2240,0,2.0671
12,5,25,0,1,0,0,0,2390,0,1.8252
13,7,49,0,1,0,0,0,2297,0,2.2774
11,7,49,1,0,1,0,0,1982,0,2.1708
9,3,9,1,0,0,0,0,2682,0,1.8648
13,12,144,0,1,0,0,0,1969,0,2.2166
18,11,121,0,0,0,0,0,2575,0,2.5307
10,13,169,1,1,1,0,0,1950,0,2.4126
11,6,36,1,1,0,0,0,1668,0,2.2512
11,15,225,1,0,0,0,0,2264,0,2.2532
15,20,400,0,0,0,0,1,1603,1,2.3005
14,8,64,1,0,0,0,0,2341,0,2.4464
12,5,25,0,1,1,0,0,1563,0,1.6295
10,10,100,0,0,1,0,0,1956,0,1.9904
13,10,100,0,0,0,0,1,1456,0,1.5794
8,8,64,0,0,1,0,0,3371,0,1.3401
13,13,169,0,1,0,0,1,1356,0,2.4151
15,8,64,1,0,0,0,1,2104,0,1.8853
10,5,25,0,0,0,0,0,2614,0,1.0918
9,10,100,0,0,0,1,0,2566,0,1.7266
17,14,196,0,1,0,0,1,2483,1,1.8871
11,14,196,0,1,0,0,0,1957,0,1.6371
16,7,49,0,1,0,0,0,2708,0,2.7064
12,11,121,1,1,0,0,1,2511,0,2.19
12,20,400,0,1,0,0,0,2196,0,2.8363
14,20,400,0,1,0,0,1,2208,0,1.9905
10,17,289,0,0,0,1,0,1963,0,1.8994
13,3,9,1,1,0,1,1,1691,0,2.1741
11,8,64,0,1,1,0,0,2657,0,1.4131
9,19,361,0,1,0,0,0,2690,0,2.4731
14,3,9,0,1,0,0,0,1702,0,2.2567
12,9,81,0,0,0,1,1,2031,0,1.2311
12,6,36,1,0,0,1,0,2035,0,1.9955
10,11,121,0,0,0,0,0,2085,0,1.9975
17,2,4,0,1,0,0,0,2129,0,2.0885
15,18,324,1,0,0,0,0,2526,0,2.0943
15,9,81,0,1,1,0,0,1764,1,2.2378
12,4,16,0,0,0,0,0,1719,0,2.6394
8,6,36,0,1,0,0,0,2656,0,1.5176
18,12,144,0,0,0,0,0,1892,0,3.1856
13,5,25,0,0,0,0,0,1532,0,1.6304
11,23,529,0,1,0,0,0,1882,0,2.3698
14,9,81,1,1,0,1,1,1951,0,2.6126
15,21,441,0,0,1,0,0,2800,0,2.3942
13,10,100,0,1,0,0,0,2516,0,2.1175
16,14,196,0,1,0,0,0,2616,0,2.883
16,13,169,0,1,0,0,1,2469,0,3.2161
10,7,49,0,1,0,0,1,2526,0,1.9059
11,14,196,0,0,0,0,1,1790,0,1.7279
15,7,49,0,1,0,0,0,2011,0,2.2289
6,3,9,0,1,0,0,0,1655,0,2.2983
12,8,64,0,0,0,0,0,2005,0,1.9931
9,4,16,0,0,1,0,0,2408,0,1.1908
12,7,49,0,1,0,0,0,2161,0,1.6019
11,9,81,0,0,1,0,1,2690,0,0.9952
12,5,25,0,1,0,0,1,1586,0,2.0066
11,13,169,1,1,0,0,1,2325,0,2.4704
10,7,49,0,0,0,0,0,1538,0,1.5614
19,4,16,1,0,0,0,1,2142,0,2.5404
17,5,25,0,1,0,0,0,2433,0,1.9875
10,10,100,1,1,0,0,0,2003,0,2.1706
17,8,64,0,1,0,0,1,2348,0,2.6285
12,11,121,0,1,0,0,0,1668,0,1.9308
13,10,100,0,1,0,0,0,1351,0,2.8264
12,5,25,0,1,0,1,0,2351,0,1.6109
11,6,36,0,0,0,0,1,2885,0,1.8515
15,15,225,0,0,0,0,1,1652,0,2.6234
13,5,25,1,1,0,0,0,2650,0,2.2316
12,21,441,0,0,0,0,1,2120,0,2.0886
10,3,9,0,1,0,0,0,1499,0,1.1516
11,15,225,0,1,0,0,0,1591,0,2.6544
8,9,81,1,1,0,1,1,2107,0,1.7211
13,5,25,1,0,0,0,1,1918,0,2.2359
10,10,100,1,1,0,0,1,1509,0,2.276
12,5,25,0,0,0,0,0,1338,0,1.5798
16,7,49,0,0,0,0,1,1719,0,2.1043
16,7,49,0,1,0,0,0,2187,0,2.9052
13,14,196,0,1,0,0,1,2097,0,1.8117
13,6,36,0,0,0,0,0,1874,0,2.772
17,11,121,0,0,0,0,1,2191,1,2.042
14,15,225,0,0,0,0,0,2568,0,1.8795
12,10,100,0,1,0,0,0,2277,0,2.1814
9,12,144,0,0,0,0,0,2045,0,2.6246
14,9,81,1,1,0,0,0,2518,0,1.746
15,13,169,0,0,0,0,0,1668,0,2.2817
11,4,16,1,0,0,0,1,1999,0,2.0013
14,20,400,0,0,0,0,0,2010,0,2.4132
12,6,36,0,1,0,0,0,1543,1,2.0453
12,9,81,0,0,0,0,0,1911,0,1.695
7,2,4,0,1,0,0,0,1166,0,1.1463
12,7,49,0,1,0,1,0,2960,0,1.9626
15,11,121,1,1,0,0,0,1678,0,2.1552
11,22,484,0,0,0,0,0,2814,0,2.1752
13,13,169,0,0,0,0,0,2117,0,2.0256
11,7,49,0,1,0,1,0,2354,0,1.7261
14,3,9,0,0,0,0,0,1880,0,2.0716
12,19,361,1,1,0,0,0,2194,0,1.8193
10,7,49,0,1,0,0,0,2393,0,1.7793
16,11,121,0,1,0,0,0,2399,0,3.404
15,7,49,0,0,0,0,1,2449,0,1.7058
10,12,144,1,0,1,1,1,1934,0,2.2695
14,18,324,0,1,0,0,1,1884,0,2.4217
14,14,196,1,0,0,0,0,1383,0,2.2086
14,8,64,0,1,0,1,1,2335,0,1.6232
9,19,361,1,0,0,0,1,2587,0,2.11
15,24,576,0,1,1,0,1,2827,0,3.0298
11,16,256,0,0,0,0,0,2237,0,1.918
11,7,49,0,0,1,0,1,1755,0,1.56
19,15,225,0,0,0,0,1,1336,0,3.0324
13,16,256,0,1,1,0,0,2569,0,2.3687
12,8,64,0,0,0,0,1,1292,0,1.2358
7,24,576,0,1,0,0,0,1947,0,1.9799
16,18,324,1,0,0,0,0,1999,0,3.3002
9,8,64,0,1,0,0,0,2069,0,1.7803
10,7,49,0,1,0,1,0,2116,0,0.7635
12,16,256,0,0,0,0,0,2162,0,2.3004
16,28,784,1,0,0,1,0,1013,0,2.6847
15,4,16,0,1,0,0,0,2107,0,1.5096
12,12,144,0,0,0,0,0,1097,0,1.3794
14,15,225,0,0,0,0,0,2429,0,2.6927
11,18,324,0,0,0,0,1,1850,0,1.7313
13,15,225,0,1,0,0,1,1129,1,1.7953
13,7,49,0,0,0,0,0,1734,0,1.9764
15,4,16,0,1,0,0,0,1843,0,1.9493
15,8,64,0,1,0,0,0,2636,0,2.3951
14,15,225,0,0,0,0,1,2188,0,2.1555
12,6,36,0,0,0,0,0,2255,0,1.4326
15,20,400,0,0,0,0,0,2632,0,2.321
13,9,81,1,1,0,0,0,2057,0,2.5319
10,6,36,1,1,0,0,1,2439,0,1.9519
12,13,169,0,1,0,0,1,2408,1,2.0238
13,8,64,0,1,0,0,1,1521,0,2.7886
14,7,49,0,1,1,0,0,2763,0,2.3789
12,26,676,0,1,0,0,0,1461,0,2.7168
10,6,36,0,0,0,0,0,2513,0,1.6559
13,8,64,0,0,0,0,0,1417,0,2.0919
13,13,169,1,0,0,0,0,2371,0,2.1996
13,20,400,1,0,0,0,0,2938,0,2.823
14,12,144,0,1,1,0,0,2004,0,2.1718
15,10,100,0,1,0,0,0,1985,0,2.4739
11,28,784,1,0,0,0,1,2375,0,2.3956
11,7,49,1,1,1,0,0,1952,0,1.9718
10,7,49,1,0,0,0,1,2918,0,2.9838
15,6,36,0,1,0,0,1,2186,0,1.9425
16,12,144,0,1,0,0,0,1956,0,2.2751
12,5,25,0,0,0,0,1,1857,0,2.023
12,4,16,0,0,0,0,0,1680,0,1.5714
16,8,64,0,0,1,0,0,1818,0,2.0436
14,3,9,0,1,0,0,0,1942,0,1.6594
14,11,121,1,0,0,0,1,1881,0,2.4894
10,12,144,1,0,0,0,0,1804,0,2.2374
14,13,169,0,1,0,0,0,3044,0,2.3006
10,15,225,1,1,0,0,1,1636,1,2.3421
10,8,64,0,0,0,0,0,2166,0,1.0622
12,18,324,1,0,0,0,1,2367,0,2.0317
11,17,289,0,0,0,0,1,2384,0,1.9474
12,5,25,0,1,0,0,1,2074,0,1.4425
9,9,81,0,1,0,0,1,1992,0,1.0766
15,2,4,0,0,0,0,1,2303,0,1.8227
16,19,361,0,1,0,0,0,2220,0,2.9559
8,15,225,0,0,0,0,1,1983,0,2.1715
15,21,441,1,1,0,1,1,1397,0,2.4433
11,3,9,0,0,0,0,1,1889,0,1.8788
15,12,144,0,0,0,0,0,1584,0,2.5488
13,7,49,0,1,0,0,1,1800,0,2.4957
13,2,4,0,1,0,0,1,2115,0,1.7391
12,16,256,0,0,0,0,1,2261,0,1.3934
16,4,16,0,0,0,0,0,2901,0,2.2331
10,12,144,0,1,0,0,0,1858,0,1.6027
14,7,49,0,0,0,0,0,2449,0,1.8336
16,10,100,0,1,0,0,1,2238,0,2.2951
15,15,225,0,1,0,0,1,2683,0,2.3335
18,10,100,0,1,1,0,0,2359,0,2.5882
11,5,25,1,0,0,0,0,1646,0,2.188
15,27,729,0,1,0,0,0,1325,1,2.4459
13,8,64,0,1,0,0,0,2240,0,2.3116
16,6,36,1,0,0,0,1,1862,0,2.3385
13,9,81,0,1,0,0,1,1659,0,2.4432
12,3,9,0,1,0,1,0,1530,0,1.7541
15,6,36,1,1,1,0,0,2172,0,2.2853
12,8,64,0,0,0,0,0,2778,0,1.8304
9,11,121,0,0,0,0,1,1916,0,1.6124
12,10,100,1,0,0,0,0,2366,0,1.8969
14,13,169,1,0,0,0,0,2054,0,2.1054
16,9,81,0,0,0,0,0,1520,0,2.607
13,17,289,0,0,0,0,1,2431,1,1.7022
16,14,196,1,0,0,0,1,1607,0,2.4254
9,12,144,0,1,1,0,1,2110,0,2.0738
12,19,361,0,0,0,0,0,1946,1,1.9872
12,19,361,0,0,0,0,0,2502,0,2.5384
13,10,100,0,1,0,0,0,1624,0,1.9704
13,7,49,1,1,0,0,1,2276,0,1.8322
15,11,121,1,1,0,0,0,1722,0,1.9802
12,9,81,1,1,0,0,0,1870,0,2.765
13,7,49,1,1,0,0,1,464,0,1.7271
13,10,100,0,1,0,0,1,3041,0,2.4556
10,12,144,0,1,0,1,0,2348,0,1.5775
12,13,169,0,0,0,1,0,1755,0,2.5194
12,21,441,0,1,1,0,0,1594,0,3.0377
12,11,121,0,0,0,0,1,1877,0,1.3016
13,9,81,0,0,0,0,1,2423,0,1.5861
13,16,256,1,0,0,0,0,1249,0,2.6802
12,6,36,0,0,0,0,0,2036,0,2.0748
16,3,9,0,1,0,0,1,2897,0,2.5057
9,12,144,0,0,1,0,1,1590,0,1.3292
11,8,64,0,0,0,0,0,2136,0,2.6123
20,8,64,0,1,0,0,0,3091,0,2.8701
10,5,25,1,1,0,0,0,2384,0,1.5179
9,18,324,0,1,0,0,0,2157,0,1.9457
15,3,9,0,1,0,0,1,2328,1,1.5604
8,13,169,0,1,0,0,1,1920,0,2.36
12,9,81,0,0,1,0,1,2685,0,1.5279
18,21,441,1,0,0,0,0,1920,0,3.1393
9,16,256,1,0,0,0,1,1218,0,1.7663
8,5,25,1,0,0,0,0,1924,0,1.4281
9,14,196,0,0,0,0,0,1665,0,1.0931
15,12,144,0,0,0,0,0,1973,0,2.5498
16,9,81,0,0,0,0,0,1983,0,2.8244
12,13,169,0,1,0,0,1,2639,0,1.7961
15,6,36,1,0,0,0,0,2413,0,1.7577
16,10,100,0,0,0,0,0,2218,0,2.674
17,9,81,1,1,0,0,0,2099,0,2.0998
12,6,36,0,0,1,0,0,1624,0,2.1868
7,8,64,0,0,0,0,0,1118,0,1.1126
10,7,49,0,0,0,1,0,2151,0,1.2674
12,12,144,0,1,0,0,1,2458,0,2.2063
12,19,361,0,0,1,0,0,2051,0,1.6709
12,4,16,0,1,1,0,0,1859,0,1.5161
16,12,144,0,1,0,0,0,2309,0,2.6805
16,7,49,0,1,0,0,1,2063,0,1.3901
12,16,256,0,1,0,0,0,2859,0,2.9249
16,12,144,0,0,0,0,0,2655,0,2.4564
14,3,9,0,1,0,0,0,2532,0,1.6046
13,10,100,0,1,0,0,0,2441,0,1.8411
15,9,81,0,1,0,0,0,1519,0,2.719
13,4,16,0,1,0,0,1,2398,0,2.1847
18,7,49,0,1,0,0,0,2269,0,3.1083
9,10,100,0,1,0,1,0,2373,0,1.5555
12,7,49,0,0,0,0,1,2322,0,1.9562
12,17,289,0,1,0,0,1,2304,0,2.3809
14,9,81,0,1,0,0,0,3315,0,2.5882
16,7,49,1,0,0,0,0,2066,0,2.8816
13,11,121,0,0,0,0,0,2521,0,1.8657
9,11,121,0,1,1,0,0,1888,0,1.6895
15,16,256,1,0,0,0,1,2456,0,2.3028
15,10,100,0,0,0,0,1,2523,0,2.1909
8,11,121,0,0,0,0,1,2264,0,1.8634
13,8,64,0,1,0,0,0,2851,0,1.5571
9,22,484,0,0,0,0,0,1702,0,2.3892
11,12,144,0,0,0,0,0,1881,0,1.526
10,10,100,0,1,1,0,1,2196,0,1.611
15,7,49,0,0,0,0,0,2496,0,2.6731
12,17,289,0,0,1,0,0,2181,0,2.1585
10,3,9,0,0,0,0,1,2679,0,1.6708
15,11,121,0,0,0,0,1,1802,0,1.7608
9,6,36,0,0,1,0,1,1587,0,0.9751
14,15,225,1,0,0,0,0,2239,0,2.8522
11,11,121,1,0,0,0,1,2065,0,1.8161
12,10,100,0,0,0,0,1,2344,0,1.7457
14,5,25,1,0,0,0,0,2088,0,2.5748
14,9,81,0,1,0,0,1,1947,0,1.7903
16,12,144,0,1,0,0,0,2066,0,2.6385
13,16,256,1,0,0,0,1,2113,0,2.3572
14,13,169,0,1,0,0,0,1963,0,2.3761
12,15,225,0,0,0,0,0,2009,0,1.9284
13,4,16,0,0,0,0,0,1918,0,1.6768
14,10,100,0,0,0,0,1,2485,0,1.7096
13,16,256,1,0,0,0,0,2187,1,2.5273
8,2,4,0,0,0,0,0,3116,0,1.1683
13,8,64,0,1,1,0,0,2172,0,2.3866
14,12,144,0,0,0,0,1,1852,0,2.0623
11,17,289,1,1,0,0,0,3302,0,2.0265
10,10,100,0,1,0,0,0,2286,0,1.8611
16,9,81,0,1,0,0,1,2546,0,2.2371
13,11,121,0,1,1,1,0,2366,0,2.4455
12,12,144,0,1,0,0,1,2380,0,1.9686
10,5,25,0,1,0,0,0,2341,0,1.6937
11,7,49,0,0,0,0,1,1604,0,2.2611
16,3,9,0,0,0,0,0,2265,0,2.3383
13,6,36,0,1,0,0,0,1504,1,2.6204
11,5,25,0,1,0,0,1,2022,0,2.2743
14,5,25,0,0,0,0,0,1773,0,1.6788
11,28,784,0,0,0,0,1,2261,0,2.5262
17,17,289,0,0,0,0,0,2250,0,3.2062
16,5,25,0,1,0,1,0,2317,0,2.8701
12,4,16,0,0,0,0,0,2229,0,2.195
10,7,49,0,1,1,1,1,1827,0,1.9413
6,4,16,0,0,0,0,0,1983,0,1.1547
8,11,121,0,1,1,0,0,2514,0,1.3498
9,11,121,1,1,0,0,0,2581,0,1.9468
13,5,25,0,1,0,0,0,1584,0,1.4057
12,14,196,0,1,0,0,0,1411,0,2.7091
9,14,196,1,1,0,1,1,1773,0,1.8857
12,6,36,0,0,0,0,0,2570,0,2.3919
14,5,25,0,0,0,0,1,2647,0,1.5029
14,7,49,0,0,0,0,0,1684,0,2.4894
8,13,169,0,1,0,0,1,2238,0,1.5801
12,27,729,1,1,0,1,1,2925,0,2.0215
9,13,169,0,0,0,0,0,2287,0,2.4384
15,4,16,0,0,0,0,1,2740,0,2.4508
15,11,121,1,1,0,0,0,2549,0,2.6998
11,10,100,1,1,0,0,1,1690,0,2.1305
11,10,100,0,0,0,1,1,2015,0,1.9476
11,4,16,0,1,1,0,0,2116,0,1.779
7,11,121,0,1,0,0,0,2147,0,1.4022
14,9,81,1,0,0,0,0,2512,0,2.1953
12,4,16,0,0,1,0,0,2284,0,2.4268
15,23,529,0,0,0,0,0,779,0,3.4992
10,4,16,0,1,0,0,0,1509,0,2.3246
11,12,144,0,1,0,0,0,1116,0,2.23
9,9,81,0,0,0,1,1,2179,0,1.4502
10,8,64,0,0,0,0,0,2208,0,1.4666
10,18,324,0,1,0,0,0,2227,0,1.8564
15,16,256,0,1,0,1,1,1668,0,2.1829
11,9,81,0,1,0,0,0,2403,0,2.835
13,6,36,0,1,1,0,0,2422,0,2.6517
12,7,49,0,0,0,0,0,1535,0,2.1756
10,8,64,1,0,0,0,1,1440,0,1.4742
12,16,256,0,1,0,0,1,2100,0,2.5298
14,12,144,0,1,0,1,0,2906,0,2.2492
10,16,256,0,0,0,0,1,2865,0,1.1029
15,4,16,0,1,0,0,0,2354,0,2.3237
11,17,289,0,0,0,0,1,1772,0,1.6676
11,20,400,0,0,1,0,1,2499,0,1.6229
14,6,36,0,0,0,0,0,1896,0,1.9591
11,15,225,0,1,0,0,0,1755,0,1.9558
13,19,361,0,1,0,0,0,1135,0,2.3658
12,7,49,0,1,0,0,0,2146,0,2.0052
13,5,25,1,1,0,0,1,1817,0,1.4349
7,11,121,0,1,0,0,0,2143,0,2.2808
8,3,9,0,0,0,0,1,1065,0,0.9235
14,17,289,0,0,0,0,1,2176,0,1.9117
15,5,25,0,0,0,0,0,1006,0,1.9504
11,8,64,1,1,0,0,1,2590,0,2.054
12,14,196,1,0,0,0,1,2335,0,2.7702
14,13,169,0,0,0,0,1,1975,1,2.2
15,14,196,0,1,0,0,1,2353,0,2.6418
8,6,36,0,0,0,0,1,1660,0,1.5291
11,11,121,1,1,0,0,0,2133,0,2.3307
12,15,225,0,1,0,0,1,2458,0,2.301
15,6,36,0,1,0,0,0,708,0,1.4823
19,24,576,0,0,0,0,1,1899,0,2.7254
12,8,64,0,0,1,0,1,2090,0,2.1669
9,2,4,0,1,0,0,0,2012,0,3.0862
13,8,64,0,1,1,0,0,2756,0,1.5842
16,19,361,0,1,0,0,0,1594,0,2.8279
13,5,25,0,1,0,0,0,1820,0,1.8308
11,5,25,1,1,0,0,0,1238,0,2.8026
15,12,144,0,1,0,0,1,2780,0,1.8804
14,5,25,1,1,0,0,1,1989,0,2.482
10,4,16,0,0,0,0,1,1903,0,1.0118
14,6,36,0,1,0,0,0,2076,0,2.0604
15,22,484,0,0,0,0,1,2386,0,2.442
16,13,169,0,1,0,0,1,2256,0,2.8953
13,10,100,0,1,0,0,0,3292,0,1.8524
12,6,36,0,1,0,0,0,2304,1,2.1826
16,15,225,0,1,0,0,0,1891,0,2.6078
10,13,169,1,1,0,0,1,1847,0,2.2161
14,23,529,0,0,0,0,0,1923,0,2.8037
9,5,25,0,0,0,0,1,1424,0,0.9846
15,5,25,0,1,1,0,0,2118,0,2.4077
12,2,4,0,1,1,0,1,2453,0,1.4395
16,13,169,0,0,0,0,0,1824,0,2.848
14,11,121,0,1,0,1,0,1737,0,2.394
10,7,49,1,0,0,0,0,2782,0,1.8623
16,2,4,0,0,0,0,0,1458,0,1.8517
17,20,400,0,0,0,0,1,1169,0,2.8696
15,10,100,0,1,0,0,0,1581,0,2.8524
11,18,324,1,1,0,0,1,1407,0,2.0894
11,19,361,1,1,1,0,0,2274,0,1.8538
13,12,144,0,0,0,0,0,1938,0,2.4049
11,14,196,0,0,0,0,0,2001,0,1.462
17,6,36,0,0,0,0,0,2619,0,1.8571
13,10,100,0,0,1,0,1,1789,0,1.4577
6,16,256,1,0,0,0,0,2449,0,1.6465
14,6,36,0,0,0,0,1,2780,0,1.5018
12,16,256,0,0,0,0,1,1895,0,1.3255
12,15,225,0,0,0,1,0,2432,0,1.6608
12,15,225,0,1,0,0,0,1991,0,2.4888
15,10,100,0,1,0,0,1,2516,0,1.8475
16,6,36,0,0,0,0,1,1393,0,2.0048
14,24,576,0,1,0,0,1,1360,0,3.2085
12,19,361,1,1,0,0,0,1924,0,2.4817
13,10,100,0,0,0,0,1,1700,1,2.0482
13,11,121,0,0,0,0,0,1867,0,1.7526
11,8,64,0,0,0,0,1,2001,0,2.5938
14,3,9,0,1,0,0,1,2424,0,1.8059
14,9,81,0,0,0,0,0,1917,0,2.0614
16,13,169,0,1,1,0,0,1729,0,2.9082
16,7,49,0,0,0,1,0,1942,0,2.1492
11,8,64,0,1,0,0,0,1754,0,1.98
15,8,64,0,0,0,1,1,1680,0,1.9618
10,10,100,0,0,0,0,0,1374,0,1.6905
14,8,64,0,1,0,1,0,2131,0,2.3376
12,5,25,1,0,0,0,0,1844,0,2.2289
10,10,100,0,0,0,0,1,2535,0,1.517
14,12,144,0,1,0,0,0,1449,0,2.0404
6,11,121,0,1,0,0,0,1856,0,1.3702
8,2,4,1,1,0,0,0,2916,0,1.1818
12,13,169,0,1,0,0,1,1677,0,1.5013
13,4,16,0,0,0,0,1,1994,0,1.9331
12,12,144,1,0,0,0,0,1553,0,2.5724
9,12,144,1,1,0,0,0,1493,0,2.3943
10,3,9,0,1,1,0,0,2796,0,0.7013
14,15,225,0,0,0,0,0,2177,0,2.219
14,24,576,0,1,0,0,0,2160,0,2.162
13,8,64,0,1,0,0,1,1337,0,2.0997
16,12,144,0,1,0,0,0,2261,0,2.3853
14,7,49,0,1,0,0,1,2621,0,2.3804
11,4,16,0,0,0,0,0,2617,0,1.7378
12,16,256,0,0,0,0,1,2401,0,1.362
9,12,144,0,1,0,0,1,1592,0,1.4398
13,6,36,0,0,0,0,0,2241,0,1.9802
16,4,16,0,0,0,0,0,2400,0,2.2206
15,24,576,0,0,0,0,0,1293,0,1.982
16,4,16,0,1,1,0,0,1595,0,1.5503
12,13,169,0,0,0,0,0,2500,0,2.12
16,10,100,0,0,0,0,0,2494,0,1.8464
12,14,196,0,1,1,0,1,1403,0,1.3444
16,21,441,0,1,0,0,0,2458,0,2.5646
13,1,1,0,0,0,0,1,2143,0,1.5295
15,5,25,0,0,0,0,0,2451,0,1.7992
16,9,81,0,0,0,0,1,1814,0,1.9765
12,22,484,0,0,0,0,0,2390,0,2.2705
13,7,49,1,0,0,1,1,2480,0,1.7961
16,6,36,0,1,0,0,0,1942,0,2.3829
12,2,4,1,1,1,1,0,2108,0,1.7073
9,6,36,1,0,0,0,0,1808,0,1.8444
18,13,169,0,1,0,0,0,2843,0,3.106
12,9,81,0,1,0,0,0,2046,0,2.4122
13,6,36,0,0,0,0,0,1685,0,2.4453
16,25,625,0,0,0,0,0,1778,0,2.9546
11,8,64,0,1,1,0,1,2157,0,1.8485
10,10,100,1,1,0,0,0,2439,0,1.9729
13,6,36,0,1,0,1,0,1499,0,1.871
8,4,16,0,1,0,0,1,2931,0,1.1941
11,14,196,0,0,1,0,0,2239,1,1.8037
13,3,9,1,1,0,0,0,2310,0,2.442
12,12,144,0,0,0,0,0,2056,0,1.7801
9,1,1,0,0,0,0,1,2109,0,1.3396
17,11,121,0,0,0,0,1,2033,0,2.1413
13,5,25,0,1,0,1,1,2558,0,2.0269
16,5,25,0,1,1,0,0,2096,0,1.9801
12,8,64,1,1,0,0,1,2445,0,1.8984
11,4,16,0,1,0,0,0,1905,0,1.5782
13,2,4,1,0,0,0,0,2188,0,2.2064
12,8,64,0,1,0,0,0,1738,0,2.0144
10,14,196,1,0,0,0,0,2647,0,1.9655
16,11,121,0,1,0,0,0,1725,0,2.5957
11,17,289,0,1,0,0,0,1954,0,2.0372
8,3,9,1,0,0,0,0,1958,0,2.021
16,7,49,0,0,0,0,0,1941,0,1.8982
11,10,100,0,1,1,0,1,2425,0,1.756
11,5,25,0,1,1,0,0,1958,0,1.1995
8,10,100,0,1,0,0,1,2727,0,1.5773
17,17,289,0,0,0,0,0,1732,0,1.9676
10,13,169,0,1,0,0,1,2176,0,2.2292
13,18,324,0,0,0,0,0,1751,0,2.5569
15,11,121,0,0,0,0,0,2289,0,2.6069
14,9,81,0,0,0,0,0,2093,1,2.0861
13,21,441,0,1,0,0,0,2030,1,2.0322
9,10,100,0,1,0,0,1,2635,0,1.4913
11,24,576,1,0,0,0,0,1806,1,2.8581
13,16,256,0,1,0,0,0,2364,0,2.9165
11,6,36,0,1,0,0,1,1754,0,1.8651
13,8,64,1,1,0,0,1,2151,0,2.0617
15,21,441,0,1,0,0,0,1562,0,3.128
15,17,289,0,1,0,0,0,1802,0,2.2848
10,14,196,0,1,0,0,0,2063,0,2.1319
18,13,169,0,0,0,0,0,2917,0,3.169
14,4,16,0,0,0,1,0,2145,0,1.6284
13,4,16,0,1,0,0,1,2845,0,2.2893
16,11,121,0,1,0,0,0,2199,0,2.7132
18,5,25,0,0,0,1,0,1926,0,2.317
9,8,64,0,0,0,0,0,2793,0,1.3258
12,8,64,0,1,0,0,1,2297,0,1.7182
7,13,169,0,0,0,0,1,1811,0,1.651
13,11,121,0,0,1,0,0,2312,0,1.449
14,17,289,0,0,0,0,1,1968,0,2.315
13,11,121,0,0,0,0,0,1205,0,2.2912
11,11,121,0,0,0,0,0,2521,0,2.3326
8,9,81,1,0,0,0,0,2593,0,1.2837
14,18,324,1,1,0,0,0,2927,0,3.2029
16,9,81,0,0,0,0,0,2290,0,2.9872
11,6,36,0,0,0,0,1,1988,0,1.8638
14,14,196,0,1,0,0,0,2476,0,2.027
9,9,81,1,0,0,0,1,2482,0,1.696
14,15,225,0,1,0,0,0,2837,0,2.4404
12,19,361,0,1,0,0,0,2080,0,2.4294
11,8,64,0,1,0,0,0,2025,0,1.981
11,19,361,0,0,0,0,0,1778,0,2.2114
12,16,256,0,0,0,0,0,2342,0,2.1256
14,7,49,0,1,0,0,0,1403,0,2.2875
10,5,25,0,0,0,0,0,2449,0,1.508
11,5,25,0,1,1,0,0,2365,0,1.6211
13,4,16,0,0,0,0,1,2363,0,1.616
10,18,324,0,0,0,0,0,2162,0,2.7406
17,8,64,0,0,0,0,0,2790,0,2.9795
11,23,529,1,0,0,0,0,2492,0,2.5833
11,6,36,0,1,0,0,1,1827,0,2.3251
10,7,49,0,1,1,0,1,1835,0,1.9274
17,13,169,0,0,0,1,0,1704,0,2.5356
14,22,484,0,1,0,1,0,2348,1,1.8614
10,7,49,0,0,0,0,0,1650,0,1.617
15,15,225,0,0,1,0,1,2588,0,2.0712
13,9,81,0,1,0,0,1,2695,0,1.6986
13,13,169,0,0,0,0,0,1704,0,1.592
12,6,36,0,0,0,0,0,2017,1,1.9863
11,14,196,0,0,0,1,0,2107,0,2.09
14,8,64,0,1,0,0,1,2498,0,1.7379
11,7,49,0,1,0,0,0,2824,0,1.6901
17,9,81,0,1,0,0,1,1342,0,2.8763
9,13,169,0,0,0,1,0,1957,0,1.4234
17,8,64,0,0,0,0,1,1980,0,2.3757
13,7,49,0,0,0,0,1,1470,0,1.8273
14,9,81,0,1,0,0,1,1882,0,2.3791
15,9,81,1,1,0,0,0,2292,0,2.2278
11,13,169,1,0,0,0,1,1975,0,2.1218
15,7,49,0,0,0,1,0,1405,0,2.1709
6,7,49,0,0,0,0,0,3393,0,1.5138
11,6,36,0,0,0,0,0,2220,1,1.7472
10,13,169,0,0,0,0,1,2150,0,1.9556
10,10,100,0,0,0,0,0,1606,0,2.6371
12,18,324,0,0,0,0,1,2217,0,3.0876
14,17,289,1,1,0,0,1,2026,0,2.3247
15,11,121,0,0,0,0,0,1250,0,1.3865
13,9,81,0,0,0,0,0,1618,0,2.2724
11,9,81,1,1,0,0,0,2458,0,2.2705
14,6,36,0,1,0,0,0,2975,0,2.6206
13,6,36,1,1,0,0,0,2265,0,2.3873
15,5,25,0,0,0,0,0,2596,0,2.1611
15,8,64,0,1,0,0,1,2030,0,2.6818
13,1,1,0,1,0,0,1,2061,0,2.314
11,22,484,0,1,0,0,0,2591,0,1.7763
11,25,625,0,1,0,0,0,2848,0,2.0386
11,5,25,0,0,0,0,0,2685,0,1.7423
12,25,625,0,1,0,0,1,1620,0,2.3472
13,5,25,0,0,0,0,1,2070,0,1.7719
15,9,81,0,1,0,0,0,2225,0,2.5354
13,12,144,0,1,0,0,0,1983,0,2.6414
13,10,100,1,1,0,1,1,2275,0,2.9256
13,7,49,0,0,0,0,0,2469,0,2.2393
11,6,36,0,0,1,0,0,2551,0,1.3466
10,15,225,1,1,1,0,0,2859,0,2.0834
8,18,324,1,0,0,1,0,1952,0,1.925
11,3,9,0,1,0,0,0,1486,0,1.9796
14,11,121,0,0,0,0,1,2261,0,2.2853
11,13,169,0,0,0,0,1,2948,0,2.7257
12,10,100,0,0,0,0,0,1885,0,1.82
14,4,16,0,0,0,0,1,2409,1,1.993
14,13,169,0,0,0,0,0,2413,0,3.1699
10,17,289,1,0,0,0,1,2186,0,1.8717
15,6,36,0,0,0,0,0,2103,0,2.2077
16,7,49,1,0,0,0,1,1684,0,1.9989
10,11,121,0,0,0,0,1,1073,0,1.7615
11,9,81,0,0,0,0,0,1600,0,1.5689
16,7,49,0,0,0,0,1,1924,0,2.5853
12,4,16,1,0,0,0,1,2594,1,1.9101
7,7,49,0,0,0,1,1,2054,0,0.9773
9,2,4,0,1,0,0,0,1866,0,1.9017
12,13,169,1,1,0,0,1,1699,0,2.3548
10,6,36,0,1,0,0,1,2396,0,2.1163
12,15,225,0,1,0,0,0,2711,0,1.8373
12,8,64,1,1,1,0,1,2579,1,2.1049
16,10,100,1,0,0,0,0,2373,0,2.8488
12,3,9,0,0,0,0,0,1436,0,1.5912
15,14,196,0,0,0,0,0,1942,0,1.8917
16,33,1089,0,1,0,0,0,2976,0,2.8298
16,7,49,0,0,0,0,1,2605,0,2.6815
14,10,100,0,0,0,0,0,1408,0,2.5842
8,11,121,0,0,0,0,1,2075,0,1.4276
14,4,16,0,1,0,0,0,2263,0,1.6333
15,5,25,0,0,0,0,0,1757,0,1.9414
12,13,169,0,0,0,1,0,1061,0,1.813
17,6,36,0,0,0,0,0,2144,0,2.5038
15,8,64,0,0,0,0,1,1746,0,2.0815
14,10,100,0,0,0,0,1,1747,0,1.8036
16,13,169,0,0,0,0,1,1940,0,2.7758
14,8,64,0,0,0,0,0,2040,0,2.1766
7,9,81,0,0,0,0,0,2096,0,1.6907
12,30,900,0,0,0,0,0,1702,0,1.6526
16,16,256,1,1,0,0,0,2001,0,1.8852
11,8,64,0,1,0,0,0,1309,0,1.3977
12,9,81,0,1,0,0,1,2240,0,1.8384
10,24,576,0,1,1,0,0,815,0,2.246
17,13,169,0,1,0,0,1,1970,0,1.6773
17,17,289,1,1,0,0,0,2514,0,3.5424
11,7,49,0,0,0,0,0,1623,0,1.8703
